112089,100.0 ,1688359574765
112089,3175 ,1688359575465
112089,200.0 ,1688359576161
112089,188.2 ,1688359576845
112089,200.0 ,1688359577528
112089,206.2 ,1688359578220
112089,200.0 ,1688359578908
112089,193.8 ,1688359579596
112089,188.2 ,1688359580282
112089,1169 ,1688359580966
112089,931.2 ,1688359581658
112089,1288 ,1688359582343
112089,1000 ,1688359583026
112089,1181 ,1688359583711
112089,200.0 ,1688359584397
112089,188.2 ,1688359585081
112089,200.0 ,1688359585771
112089,206.2 ,1688359586459
112089,206.2 ,1688359587148
112089,206.2 ,1688359587837
112089,687.5 ,1688359588522
112089,641.2 ,1688359589207
112089,743.8 ,1688359589891
112089,1038 ,1688359590574
112089,106.2 ,1688359591257
112089,94.1 ,1688359591944
112089,94.1 ,1688359592633
112089,100.0 ,1688359593324
112089,106.2 ,1688359594012
112089,106.2 ,1688359594699
112089,100.0 ,1688359595389
112089,106.2 ,1688359596079
112089,88.2 ,1688359596764
112089,100.0 ,1688359597450
112089,106.2 ,1688359598140
112089,100.0 ,1688359598828
112089,100.0 ,1688359599516
112089,106.2 ,1688359600201
112089,106.2 ,1688359600890
112089,100.0 ,1688359601575
112089,94.1 ,1688359602264
112089,106.2 ,1688359602951
112089,100.0 ,1688359603638
112089,106.2 ,1688359604326
112089,100.0 ,1688359605015
112089,94.1 ,1688359605702
112089,106.2 ,1688359606390
112089,100.0 ,1688359607079
112089,100.0 ,1688359607767
112089,94.1 ,1688359608454
112089,106.2 ,1688359609142
112089,106.2 ,1688359609830
112089,100.0 ,1688359610518
112089,106.2 ,1688359611206
112089,100.0 ,1688359611894
112089,94.1 ,1688359612583
112089,106.2 ,1688359613271
112089,100.0 ,1688359613958
112089,106.2 ,1688359614647
112089,100.0 ,1688359615335
112089,94.1 ,1688359616023
112089,106.2 ,1688359616711
112089,100.0 ,1688359617398
112089,100.0 ,1688359618087
112089,100.0 ,1688359618776
112089,94.1 ,1688359619463
112089,100.0 ,1688359620151
112089,100.0 ,1688359620839
112089,100.0 ,1688359621527
112089,100.0 ,1688359622215
112089,94.1 ,1688359622903
112089,100.0 ,1688359623590
112089,106.2 ,1688359624279
112089,106.2 ,1688359624967
112089,94.1 ,1688359625654
112089,94.1 ,1688359626343
112089,106.2 ,1688359627031
112089,262.5 ,1688359627717
112089,200.0 ,1688359628403
112089,2206 ,1688359629088
112089,1925 ,1688359629785
112089,2024 ,1688359630464
112089,2138 ,1688359631156
112089,81.2 ,1688359631846
