1378916,29.4 ,1687326956274
1378916,100.0 ,1687326956396
1378916,3038 ,1687326956986
1378916,2981 ,1687326957102
1378916,2656 ,1687326957671
1378916,2841 ,1687326957822
1378916,193.8 ,1687326958358
1378916,212.5 ,1687326958503
1378916,200.0 ,1687326959041
1378916,206.2 ,1687326959190
1378916,200.0 ,1687326959726
1378916,200.0 ,1687326959877
1378916,182.4 ,1687326960413
1378916,200.0 ,1687326960564
1378916,200.0 ,1687326961104
1378916,212.5 ,1687326961257
1378916,206.2 ,1687326961796
1378916,200.0 ,1687326961949
1378916,212.5 ,1687326962487
1378916,206.2 ,1687326962641
1378916,200.0 ,1687326963180
1378916,212.5 ,1687326963335
1378916,200.0 ,1687326963872
1378916,194.1 ,1687326964032
1378916,188.2 ,1687326964564
1378916,194.1 ,1687326964724
1378916,212.5 ,1687326965251
1378916,200.0 ,1687326965416
1378916,194.1 ,1687326965945
1378916,200.0 ,1687326966106
1378916,206.2 ,1687326966640
1378916,250.0 ,1687326966800
1378916,475.0 ,1687326967328
1378916,481.2 ,1687326967488
1378916,462.5 ,1687326968015
1378916,468.8 ,1687326968179
1378916,417.6 ,1687326968704
1378916,452.9 ,1687326968862
1378916,462.5 ,1687326969391
1378916,481.2 ,1687326969551
1378916,475.0 ,1687326970077
1378916,417.6 ,1687326970236
1378916,462.5 ,1687326970768
1378916,468.8 ,1687326970932
1378916,458.8 ,1687326971455
1378916,468.8 ,1687326971620
1378916,200.0 ,1687326972145
1378916,212.5 ,1687326972312
1378916,206.2 ,1687326972837
1378916,194.1 ,1687326973005
1378916,206.2 ,1687326973529
1378916,206.2 ,1687326973698
1378916,212.5 ,1687326974221
1378916,194.1 ,1687326974393
1378916,212.5 ,1687326974916
1378916,194.1 ,1687326975085
1378916,200.0 ,1687326975607
1378916,200.0 ,1687326975776
1378916,200.0 ,1687326976299
1378916,200.0 ,1687326976468
1378916,206.2 ,1687326976993
1378916,194.1 ,1687326977154
1378916,194.1 ,1687326977683
1378916,194.1 ,1687326977845
1378916,212.5 ,1687326978376
1378916,206.2 ,1687326978537
1378916,200.0 ,1687326979068
1378916,194.1 ,1687326979232
1378916,206.2 ,1687326979757
1378916,200.0 ,1687326979925
1378916,862.5 ,1687326980449
1378916,1188 ,1687326980619
1378916,931.2 ,1687326981138
1378916,975.0 ,1687326981305
1378916,1081 ,1687326981823
1378916,858.8 ,1687326981994
1378916,1019 ,1687326982511
1378916,987.5 ,1687326982681
1378916,923.5 ,1687326983201
1378916,1038 ,1687326983368
1378916,935.3 ,1687326983893
1378916,1094 ,1687326984057
1378916,1119 ,1687326984591
1378916,982.4 ,1687326984743
1378916,1181 ,1687326985278
1378916,1119 ,1687326985431
1378916,975.0 ,1687326985958
1378916,941.2 ,1687326986114
1378916,1088 ,1687326986652
1378916,1100 ,1687326986806
1378916,464.7 ,1687326987342
1378916,112.5 ,1687326987492
1378916,100.0 ,1687326988028
1378916,88.2 ,1687326988182
1378916,100.0 ,1687326988718
1378916,112.5 ,1687326988870
1378916,106.2 ,1687326989409
1378916,100.0 ,1687326989563
1378916,100.0 ,1687326990097
1378916,100.0 ,1687326990258
1378916,100.0 ,1687326990789
1378916,100.0 ,1687326990955
1378916,100.0 ,1687326991477
1378916,100.0 ,1687326991648
1378916,100.0 ,1687326992168
1378916,106.2 ,1687326992337
1378916,94.1 ,1687326992861
1378916,106.2 ,1687326993027
1378916,306.2 ,1687326993550
1378916,100.0 ,1687326993720
1378916,100.0 ,1687326994241
1378916,100.0 ,1687326994411
1378916,106.2 ,1687326994937
1378916,100.0 ,1687326995104
1378916,94.1 ,1687326995631
1378916,100.0 ,1687326995797
1378916,100.0 ,1687326996327
1378916,106.2 ,1687326996488
1378916,100.0 ,1687326997019
1378916,100.0 ,1687326997183
1378916,100.0 ,1687326997711
1378916,94.1 ,1687326997872
1378916,100.0 ,1687326998401
1378916,94.1 ,1687326998566
1378916,100.0 ,1687326999092
1378916,106.2 ,1687326999258
1378916,94.1 ,1687326999784
1378916,105.9 ,1687326999952
1378916,106.2 ,1687327000477
1378916,106.2 ,1687327000646
1378916,106.2 ,1687327001168
1378916,106.2 ,1687327001341
1378916,94.1 ,1687327001861
1378916,94.1 ,1687327002033
1378916,94.1 ,1687327002553
1378916,94.1 ,1687327002724
1378916,94.1 ,1687327003245
1378916,106.2 ,1687327003416
1378916,112.5 ,1687327003940
1378916,100.0 ,1687327004109
1378916,100.0 ,1687327004630
1378916,106.2 ,1687327004801
1378916,100.0 ,1687327005325
1378916,100.0 ,1687327005496
1378916,106.2 ,1687327006018
1378916,106.2 ,1687327006186
1378916,100.0 ,1687327006713
1378916,100.0 ,1687327006881
1378916,94.1 ,1687327007402
1378916,100.0 ,1687327007573
1378916,100.0 ,1687327008090
1378916,100.0 ,1687327008267
1378916,100.0 ,1687327008784
1378916,106.2 ,1687327008961
1378916,100.0 ,1687327009472
1378916,106.2 ,1687327009651
1378916,100.0 ,1687327010166
1378916,100.0 ,1687327010341
1378916,106.2 ,1687327010857
1378916,100.0 ,1687327011025
1378916,100.0 ,1687327011552
1378916,106.2 ,1687327011718
1378916,106.2 ,1687327012248
1378916,100.0 ,1687327012412
1378916,100.0 ,1687327012940
1378916,94.1 ,1687327013106
1378916,100.0 ,1687327013633
1378916,106.2 ,1687327013796
1378916,94.1 ,1687327014324
1378916,106.2 ,1687327014488
1378916,100.0 ,1687327015010
1378916,106.2 ,1687327015180
1378916,94.1 ,1687327015702
1378916,100.0 ,1687327015875
1378916,100.0 ,1687327016387
1378916,106.2 ,1687327016569
1378916,100.0 ,1687327017081
1378916,106.2 ,1687327017264
1378916,94.1 ,1687327017772
1378916,100.0 ,1687327017953
1378916,525.0 ,1687327018462
1378916,429.4 ,1687327018643
1378916,456.2 ,1687327019144
1378916,1229 ,1687327019364
1378916,1131 ,1687327019830
1378916,725.0 ,1687327020035
1378916,106.2 ,1687327020517
1378916,2181 ,1687327020718
1378916,731.2 ,1687327021208
1378916,156.2 ,1687327021416
1378916,1147 ,1687327021894
1378916,687.5 ,1687327022105
1378916,2312 ,1687327022585
1378916,981.2 ,1687327022787
1378916,211.8 ,1687327023273
1378916,2288 ,1687327023467
1378916,311.8 ,1687327023955
1378916,194.1 ,1687327024141
1378916,776.5 ,1687327024640
1378916,381.2 ,1687327024831
1378916,676.5 ,1687327025336
1378916,1169 ,1687327025518
1378916,1494 ,1687327026021
1378916,722.2 ,1687327026228
1378916,318.8 ,1687327026731
1378916,1344 ,1687327026914
1378916,456.2 ,1687327027420
1378916,175.0 ,1687327027628
1378916,1312 ,1687327028102
1378916,537.5 ,1687327028320
1378916,966.7 ,1687327028804
1378916,1525 ,1687327029004
1378916,200.0 ,1687327029507
1378916,100.0 ,1687327029689
1378916,1488 ,1687327030191
1378916,847.1 ,1687327030371
1378916,193.8 ,1687327030879
1378916,2438 ,1687327031064
1378916,268.8 ,1687327031569
1378916,231.2 ,1687327031742
1378916,852.9 ,1687327032256
1378916,462.5 ,1687327032424
1378916,1044 ,1687327032944
1378916,1412 ,1687327033101
1378916,181.2 ,1687327033627
1378916,175.0 ,1687327033788
1378916,1175 ,1687327034308
1378916,575.0 ,1687327034473
1378916,1171 ,1687327034991
1378916,931.2 ,1687327035161
1378916,2306 ,1687327035676
1378916,925.0 ,1687327035847
1378916,194.1 ,1687327036361
1378916,2141 ,1687327036536
1378916,256.2 ,1687327037049
1378916,1162 ,1687327037218
1378916,382.4 ,1687327037734
1378916,529.4 ,1687327037904
1378916,612.5 ,1687327038425
1378916,247.1 ,1687327038604
1378916,693.8 ,1687327039111
1378916,262.5 ,1687327039290
1378916,1253 ,1687327039796
1378916,512.5 ,1687327039976
1378916,1362 ,1687327040479
1378916,1094 ,1687327040664
1378916,2231 ,1687327041166
1378916,1362 ,1687327041350
1378916,2012 ,1687327041845
1378916,1044 ,1687327042035
1378916,1681 ,1687327042538
1378916,1076 ,1687327042741
1378916,711.8 ,1687327043244
1378916,1132 ,1687327043444
1378916,1394 ,1687327043963
1378916,1044 ,1687327044170
1378916,975.0 ,1687327044677
1378916,1289 ,1687327044887
1378916,1788 ,1687327045384
1378916,1129 ,1687327045577
1378916,2269 ,1687327046077
1378916,1450 ,1687327046271
1378916,182.4 ,1687327046763
1378916,100.0 ,1687327046958
1378916,882.4 ,1687327047455
1378916,1056 ,1687327047641
1378916,229.4 ,1687327048141
1378916,100.0 ,1687327048325
1378916,1094 ,1687327048833
1378916,937.5 ,1687327049014
1378916,194.1 ,1687327049516
1378916,100.0 ,1687327049696
1378916,1456 ,1687327050200
1378916,658.8 ,1687327050380
1378916,162.5 ,1687327050887
1378916,187.5 ,1687327051072
1378916,1153 ,1687327051575
1378916,531.2 ,1687327051757
1378916,112.5 ,1687327052262
1378916,1088 ,1687327052448
1378916,756.2 ,1687327052952
1378916,450.0 ,1687327053159
1378916,200.0 ,1687327053642
1378916,2294 ,1687327053848
1378916,556.2 ,1687327054328
1378916,418.8 ,1687327054530
1378916,412.5 ,1687327055017
1378916,961.1 ,1687327055245
1378916,500.0 ,1687327055720
1378916,287.5 ,1687327055932
1378916,2275 ,1687327056404
1378916,1325 ,1687327056621
1378916,400.0 ,1687327057089
1378916,162.5 ,1687327057309
1378916,611.8 ,1687327057789
1378916,1138 ,1687327057996
1378916,262.5 ,1687327058490
1378916,111.8 ,1687327058686
1378916,1456 ,1687327059182
1378916,558.8 ,1687327059375
1378916,147.1 ,1687327059872
1378916,200.0 ,1687327060068
1378916,1075 ,1687327060559
1378916,487.5 ,1687327060755
1378916,100.0 ,1687327061245
1378916,1638 ,1687327061436
1378916,587.5 ,1687327061934
1378916,394.1 ,1687327062143
1378916,876.5 ,1687327062618
1378916,872.2 ,1687327062872
1378916,443.8 ,1687327063352
1378916,252.9 ,1687327063556
1378916,1276 ,1687327064053
1378916,1425 ,1687327064241
1378916,312.5 ,1687327064748
1378916,125.0 ,1687327064929
1378916,1162 ,1687327065434
1378916,812.5 ,1687327065618
1378916,162.5 ,1687327066119
1378916,200.0 ,1687327066303
1378916,1119 ,1687327066810
1378916,537.5 ,1687327066990
1378916,100.0 ,1687327067496
1378916,1371 ,1687327067672
1378916,531.2 ,1687327068184
1378916,387.5 ,1687327068385
1378916,206.2 ,1687327068870
1378916,1618 ,1687327069067
1378916,443.8 ,1687327069549
1378916,200.0 ,1687327069753
1378916,1038 ,1687327070250
1378916,893.8 ,1687327070435
1378916,182.4 ,1687327070923
1378916,106.2 ,1687327071115
1378916,1018 ,1687327071612
1378916,500.0 ,1687327071802
1378916,206.2 ,1687327072300
1378916,2156 ,1687327072485
1378916,500.0 ,1687327072985
1378916,394.1 ,1687327073165
1378916,2131 ,1687327073680
1378916,1044 ,1687327073851
1378916,358.8 ,1687327074365
1378916,182.4 ,1687327074543
1378916,1019 ,1687327075058
1378916,1038 ,1687327075233
1378916,170.6 ,1687327075744
1378916,188.2 ,1687327075915
1378916,968.8 ,1687327076435
1378916,506.2 ,1687327076608
1378916,200.0 ,1687327077126
1378916,2156 ,1687327077299
1378916,481.2 ,1687327077809
1378916,387.5 ,1687327077983
1378916,2029 ,1687327078504
1378916,847.1 ,1687327078670
1378916,370.6 ,1687327079191
1378916,175.0 ,1687327079366
1378916,1041 ,1687327079893
1378916,937.5 ,1687327080058
1378916,143.8 ,1687327080586
1378916,193.8 ,1687327080748
1378916,725.0 ,1687327081273
1378916,493.8 ,1687327081439
1378916,212.5 ,1687327081957
1378916,2206 ,1687327082124
1378916,475.0 ,1687327082647
1378916,294.1 ,1687327082802
1378916,1139 ,1687327083335
1378916,1512 ,1687327083492
1378916,111.8 ,1687327084054
1378916,241.2 ,1687327084176
1378916,631.2 ,1687327084740
1378916,962.5 ,1687327084896
1378916,743.8 ,1687327085426
1378916,168.8 ,1687327085604
1378916,1353 ,1687327086116
1378916,381.2 ,1687327086289
1378916,641.2 ,1687327086803
1378916,2250 ,1687327086968
1378916,518.8 ,1687327087491
1378916,173.3 ,1687327087656
1378916,200.0 ,1687327088175
1378916,206.2 ,1687327088342
1378916,1450 ,1687327088857
1378916,200.0 ,1687327089026
1378916,856.2 ,1687327089549
1378916,2138 ,1687327089715
1378916,881.2 ,1687327090237
1378916,1818 ,1687327090405
1378916,1500 ,1687327090923
1378916,1318 ,1687327091095
1378916,1576 ,1687327091621
1378916,1200 ,1687327091792
1378916,1588 ,1687327092307
1378916,1071 ,1687327092484
1378916,1494 ,1687327093011
1378916,1288 ,1687327093176
1378916,1462 ,1687327093721
1378916,1624 ,1687327093870
1378916,1653 ,1687327094399
1378916,825.0 ,1687327094581
1378916,1456 ,1687327095090
1378916,1331 ,1687327095265
1378916,1262 ,1687327095773
1378916,1347 ,1687327095943
1378916,918.8 ,1687327096472
1378916,1806 ,1687327096634
1378916,662.5 ,1687327097154
1378916,1135 ,1687327097332
1378916,1553 ,1687327097841
1378916,1094 ,1687327098031
1378916,2038 ,1687327098529
1378916,770.6 ,1687327098733
1378916,1262 ,1687327099210
1378916,793.8 ,1687327099434
1378916,787.5 ,1687327099902
1378916,2175 ,1687327100117
1378916,741.2 ,1687327100590
1378916,1662 ,1687327100805
1378916,1059 ,1687327101271
1378916,1038 ,1687327101500
1378916,868.8 ,1687327101968
1378916,1481 ,1687327102202
1378916,1138 ,1687327102655
1378916,1224 ,1687327102884
1378916,947.1 ,1687327103346
1378916,1241 ,1687327103571
1378916,1376 ,1687327104037
1378916,811.8 ,1687327104264
1378916,1553 ,1687327104731
1378916,812.5 ,1687327104959
1378916,1181 ,1687327105420
1378916,725.0 ,1687327105644
1378916,1438 ,1687327106113
1378916,750.0 ,1687327106347
1378916,1338 ,1687327106807
1378916,818.8 ,1687327107031
1378916,1400 ,1687327107488
1378916,794.1 ,1687327107712
1378916,1444 ,1687327108180
1378916,825.0 ,1687327108400
1378916,1419 ,1687327108868
1378916,931.2 ,1687327109086
1378916,1419 ,1687327109547
1378916,862.5 ,1687327109772
1378916,1988 ,1687327110235
1378916,806.2 ,1687327110449
1378916,1581 ,1687327110930
1378916,893.8 ,1687327111138
1378916,1438 ,1687327111618
1378916,923.5 ,1687327111848
1378916,1318 ,1687327112320
1378916,741.2 ,1687327112529
1378916,762.5 ,1687327112999
1378916,1288 ,1687327113221
1378916,1247 ,1687327113693
1378916,1344 ,1687327113902
1378916,929.4 ,1687327114386
1378916,1388 ,1687327114605
1378916,1125 ,1687327115072
1378916,1506 ,1687327115284
1378916,837.5 ,1687327115761
1378916,1382 ,1687327115989
1378916,1082 ,1687327116451
1378916,1344 ,1687327116682
1378916,747.1 ,1687327117143
1378916,1981 ,1687327117370
1378916,831.2 ,1687327117830
1378916,1924 ,1687327118054
1378916,1450 ,1687327118515
1378916,1875 ,1687327118734
1378916,1938 ,1687327119197
1378916,1169 ,1687327119429
1378916,1981 ,1687327119889
1378916,781.2 ,1687327120125
1378916,1212 ,1687327120572
1378916,875.0 ,1687327120814
1378916,1324 ,1687327121270
1378916,437.5 ,1687327121517
1378916,706.2 ,1687327121966
1378916,2006 ,1687327122191
1378916,975.0 ,1687327122649
1378916,1269 ,1687327122879
1378916,1953 ,1687327123335
1378916,1025 ,1687327123567
1378916,1812 ,1687327124024
1378916,1281 ,1687327124266
1378916,1938 ,1687327124708
1378916,1775 ,1687327124954
1378916,2044 ,1687327125393
1378916,1450 ,1687327125644
1378916,1975 ,1687327126075
1378916,1431 ,1687327126326
1378916,1559 ,1687327126761
1378916,1694 ,1687327127012
1378916,1382 ,1687327127462
1378916,1988 ,1687327127704
1378916,1500 ,1687327128158
1378916,2081 ,1687327128391
1378916,925.0 ,1687327128872
1378916,1935 ,1687327129074
1378916,1362 ,1687327129550
1378916,1806 ,1687327129764
1378916,1381 ,1687327130230
1378916,1841 ,1687327130447
1378916,1419 ,1687327130908
1378916,1971 ,1687327131136
1378916,1350 ,1687327131590
1378916,2231 ,1687327131819
1378916,829.4 ,1687327132280
1378916,2106 ,1687327132500
1378916,717.6 ,1687327132967
1378916,2219 ,1687327133178
1378916,817.6 ,1687327133647
1378916,2069 ,1687327133860
1378916,750.0 ,1687327134350
1378916,1462 ,1687327134550
1378916,1488 ,1687327135050
1378916,1450 ,1687327135237
1378916,1347 ,1687327135733
1378916,1218 ,1687327135919
1378916,1500 ,1687327136424
1378916,1375 ,1687327136623
1378916,1444 ,1687327137127
1378916,1612 ,1687327137309
1378916,1500 ,1687327137806
1378916,1669 ,1687327138002
1378916,1500 ,1687327138489
1378916,1669 ,1687327138695
1378916,1525 ,1687327139185
1378916,1438 ,1687327139387
1378916,1306 ,1687327139888
1378916,1224 ,1687327140064
1378916,1425 ,1687327140579
1378916,1481 ,1687327140763
1378916,1347 ,1687327141266
1378916,1381 ,1687327141441
1378916,1318 ,1687327141973
1378916,1419 ,1687327142127
1378916,1144 ,1687327142662
1378916,1031 ,1687327142812
1378916,1182 ,1687327143388
1378916,806.2 ,1687327143503
1378916,2050 ,1687327144072
1378916,681.2 ,1687327144195
1378916,1456 ,1687327144751
1378916,793.8 ,1687327144882
1378916,716.7 ,1687327145452
1378916,1075 ,1687327145579
1378916,956.2 ,1687327146149
1378916,756.2 ,1687327146278
1378916,1800 ,1687327146833
1378916,825.0 ,1687327146967
1378916,1606 ,1687327147524
1378916,829.4 ,1687327147661
1378916,1419 ,1687327148228
1378916,1600 ,1687327148340
1378916,1912 ,1687327148909
1378916,1456 ,1687327149040
1378916,2038 ,1687327149592
1378916,937.5 ,1687327149747
1378916,2112 ,1687327150280
1378916,705.9 ,1687327150427
1378916,2038 ,1687327150968
1378916,737.5 ,1687327151107
1378916,1800 ,1687327151659
1378916,800.0 ,1687327151790
1378916,1525 ,1687327152346
1378916,781.2 ,1687327152477
1378916,1406 ,1687327153051
1378916,1112 ,1687327153169
1378916,666.7 ,1687327153741
1378916,1165 ,1687327153874
1378916,1281 ,1687327154443
1378916,1219 ,1687327154573
1378916,850.0 ,1687327155126
1378916,1369 ,1687327155259
1378916,825.0 ,1687327155819
1378916,1400 ,1687327155938
1378916,764.7 ,1687327156504
1378916,1444 ,1687327156618
1378916,843.8 ,1687327157188
1378916,1594 ,1687327157322
1378916,800.0 ,1687327157871
1378916,1606 ,1687327158022
1378916,747.1 ,1687327158550
1378916,1138 ,1687327158730
1378916,1294 ,1687327159243
1378916,887.5 ,1687327159429
1378916,1562 ,1687327159946
1378916,1275 ,1687327160122
1378916,1465 ,1687327160633
1378916,1141 ,1687327160830
1378916,1300 ,1687327161343
1378916,1219 ,1687327161520
1378916,1512 ,1687327162027
1378916,1181 ,1687327162209
1378916,1044 ,1687327162741
1378916,868.8 ,1687327162907
1378916,1459 ,1687327163425
1378916,1406 ,1687327163612
1378916,1962 ,1687327164118
1378916,831.2 ,1687327164296
1378916,1912 ,1687327164805
1378916,900.0 ,1687327164980
1378916,1862 ,1687327165503
1378916,735.3 ,1687327165671
1378916,1394 ,1687327166184
1378916,1300 ,1687327166369
1378916,812.5 ,1687327166876
1378916,2112 ,1687327167051
1378916,717.6 ,1687327167565
1378916,1365 ,1687327167733
1378916,1475 ,1687327168252
1378916,1312 ,1687327168416
1378916,1288 ,1687327168943
1378916,1338 ,1687327169114
1378916,2019 ,1687327169627
1378916,325.0 ,1687327169811
1378916,787.5 ,1687327170310
1378916,1519 ,1687327170517
1378916,788.2 ,1687327170991
1378916,1838 ,1687327171228
1378916,811.8 ,1687327171682
1378916,1375 ,1687327171917
1378916,768.8 ,1687327172373
1378916,1376 ,1687327172637
1378916,750.0 ,1687327173052
1378916,1171 ,1687327173313
1378916,806.2 ,1687327173736
1378916,770.6 ,1687327174004
1378916,1281 ,1687327174421
1378916,862.5 ,1687327174687
1378916,1431 ,1687327175118
1378916,862.5 ,1687327175369
1378916,1419 ,1687327175814
1378916,806.2 ,1687327176052
1378916,1406 ,1687327176496
1378916,758.8 ,1687327176737
1378916,837.5 ,1687327177191
1378916,829.4 ,1687327177427
1378916,1112 ,1687327177876
1378916,823.5 ,1687327178117
1378916,1176 ,1687327178561
1378916,723.5 ,1687327178822
1378916,1376 ,1687327179268
1378916,781.2 ,1687327179495
1378916,1259 ,1687327179944
1378916,775.0 ,1687327180180
1378916,1388 ,1687327180631
1378916,717.6 ,1687327180863
1378916,1369 ,1687327181311
1378916,775.0 ,1687327181549
1378916,1288 ,1687327181993
1378916,725.0 ,1687327182232
1378916,1400 ,1687327182685
1378916,687.5 ,1687327182918
1378916,1288 ,1687327183381
1378916,793.8 ,1687327183602
1378916,1388 ,1687327184058
1378916,806.2 ,1687327184288
1378916,1769 ,1687327184748
1378916,762.5 ,1687327184971
1378916,1569 ,1687327185432
1378916,706.2 ,1687327185657
1378916,1865 ,1687327186114
1378916,812.5 ,1687327186341
1378916,1425 ,1687327186814
1378916,806.2 ,1687327187022
1378916,1450 ,1687327187493
1378916,337.5 ,1687327187709
1378916,787.5 ,1687327188173
1378916,1419 ,1687327188408
1378916,837.5 ,1687327188853
1378916,1362 ,1687327189095
1378916,737.5 ,1687327189535
1378916,1547 ,1687327189771
1378916,700.0 ,1687327190220
1378916,2069 ,1687327190464
1378916,1318 ,1687327190903
1378916,1694 ,1687327191149
1378916,1331 ,1687327191609
1378916,1406 ,1687327191850
1378916,1900 ,1687327192308
1378916,800.0 ,1687327192531
1378916,1369 ,1687327192991
1378916,688.2 ,1687327193233
1378916,768.8 ,1687327193679
1378916,2169 ,1687327193910
1378916,962.5 ,1687327194368
1378916,1381 ,1687327194594
1378916,1394 ,1687327195062
1378916,1324 ,1687327195283
1378916,1944 ,1687327195758
1378916,1350 ,1687327195990
1378916,1519 ,1687327196459
1378916,2006 ,1687327196678
1378916,1329 ,1687327197154
1378916,2075 ,1687327197371
1378916,843.8 ,1687327197861
1378916,2056 ,1687327198052
1378916,812.5 ,1687327198537
1378916,2119 ,1687327198738
1378916,856.2 ,1687327199217
1378916,1800 ,1687327199428
1378916,806.2 ,1687327199901
1378916,1565 ,1687327200121
1378916,635.3 ,1687327200586
1378916,1588 ,1687327200809
1378916,800.0 ,1687327201268
1378916,1875 ,1687327201500
1378916,843.8 ,1687327201949
1378916,1762 ,1687327202189
1378916,862.5 ,1687327202633
1378916,1569 ,1687327202880
1378916,850.0 ,1687327203317
1378916,1488 ,1687327203585
1378916,831.2 ,1687327203999
1378916,1519 ,1687327204275
1378916,843.8 ,1687327204685
1378916,1062 ,1687327204957
1378916,1241 ,1687327205365
1378916,1782 ,1687327205642
1378916,1431 ,1687327206047
1378916,2119 ,1687327206332
1378916,1350 ,1687327206745
1378916,1900 ,1687327207021
1378916,1365 ,1687327207438
1378916,1894 ,1687327207705
1378916,1419 ,1687327208133
1378916,2112 ,1687327208398
1378916,1324 ,1687327208830
1378916,1969 ,1687327209082
1378916,1488 ,1687327209525
1378916,2075 ,1687327209768
1378916,1475 ,1687327210235
1378916,2012 ,1687327210464
1378916,1388 ,1687327210928
1378916,1981 ,1687327211141
1378916,1959 ,1687327211604
1378916,1147 ,1687327211825
1378916,1929 ,1687327212291
1378916,853.3 ,1687327212526
1378916,1112 ,1687327212981
1378916,835.3 ,1687327213238
1378916,1362 ,1687327213689
1378916,768.8 ,1687327213919
1378916,1488 ,1687327214372
1378916,768.8 ,1687327214602
1378916,712.5 ,1687327215055
1378916,2118 ,1687327215284
1378916,1741 ,1687327215733
1378916,1300 ,1687327215967
1378916,1694 ,1687327216427
1378916,870.6 ,1687327216655
1378916,1956 ,1687327217111
1378916,750.0 ,1687327217346
1378916,888.2 ,1687327217801
1378916,1394 ,1687327218041
1378916,952.9 ,1687327218505
1378916,1088 ,1687327218731
1378916,706.2 ,1687327219199
1378916,1919 ,1687327219422
1378916,605.9 ,1687327219886
1378916,1606 ,1687327220101
1378916,764.7 ,1687327220572
1378916,1253 ,1687327220802
1378916,681.2 ,1687327221263
1378916,1356 ,1687327221514
1378916,831.2 ,1687327221946
1378916,1475 ,1687327222208
1378916,812.5 ,1687327222636
1378916,1469 ,1687327222884
1378916,964.7 ,1687327223326
1378916,882.4 ,1687327223586
1378916,1325 ,1687327224013
1378916,806.2 ,1687327224267
1378916,1462 ,1687327224702
1378916,881.2 ,1687327224950
1378916,1456 ,1687327225381
1378916,770.6 ,1687327225644
1378916,1356 ,1687327226077
1378916,825.0 ,1687327226331
1378916,1412 ,1687327226763
1378916,856.2 ,1687327227015
1378916,1406 ,1687327227445
1378916,831.2 ,1687327227698
1378916,1438 ,1687327228127
1378916,837.5 ,1687327228385
1378916,1381 ,1687327228807
1378916,825.0 ,1687327229063
1378916,943.8 ,1687327229499
1378916,837.5 ,1687327229749
1378916,1069 ,1687327230187
1378916,1119 ,1687327230434
1378916,1194 ,1687327230882
1378916,812.5 ,1687327231151
1378916,987.5 ,1687327231608
1378916,1400 ,1687327231833
1378916,705.9 ,1687327232294
1378916,1331 ,1687327232529
1378916,750.0 ,1687327232981
1378916,1441 ,1687327233220
1378916,764.7 ,1687327233682
1378916,1875 ,1687327233908
1378916,793.8 ,1687327234359
1378916,976.5 ,1687327234605
1378916,1075 ,1687327235049
1378916,1619 ,1687327235301
1378916,1981 ,1687327235732
1378916,1400 ,1687327236005
1378916,1456 ,1687327236416
1378916,806.2 ,1687327236688
1378916,1006 ,1687327237103
1378916,835.3 ,1687327237389
1378916,850.0 ,1687327237792
1378916,868.8 ,1687327238075
1378916,893.8 ,1687327238479
1378916,868.8 ,1687327238756
1378916,705.9 ,1687327239174
1378916,2069 ,1687327239439
1378916,1129 ,1687327239878
1378916,1900 ,1687327240123
1378916,1000 ,1687327240568
1378916,1412 ,1687327240806
1378916,2088 ,1687327241263
1378916,970.6 ,1687327241493
1378916,1476 ,1687327241949
1378916,806.2 ,1687327242192
1378916,1612 ,1687327242645
1378916,1229 ,1687327242875
1378916,1500 ,1687327243345
1378916,1035 ,1687327243561
1378916,1438 ,1687327244041
1378916,723.5 ,1687327244254
1378916,956.2 ,1687327244720
1378916,1438 ,1687327244951
1378916,1306 ,1687327245416
1378916,1312 ,1687327245630
1378916,1356 ,1687327246124
1378916,1431 ,1687327246308
1378916,1394 ,1687327246810
1378916,1500 ,1687327246992
1378916,1431 ,1687327247512
1378916,1381 ,1687327247682
1378916,1082 ,1687327248196
1378916,1206 ,1687327248392
1378916,1288 ,1687327248904
1378916,1488 ,1687327249082
1378916,941.2 ,1687327249590
1378916,1669 ,1687327249767
1378916,781.2 ,1687327250284
1378916,2062 ,1687327250460
1378916,818.8 ,1687327250966
1378916,2012 ,1687327251140
1378916,818.8 ,1687327251654
1378916,2088 ,1687327251822
1378916,825.0 ,1687327252334
1378916,1982 ,1687327252504
1378916,929.4 ,1687327253020
1378916,1581 ,1687327253196
1378916,982.4 ,1687327253714
1378916,1256 ,1687327253880
1378916,1375 ,1687327254405
1378916,1450 ,1687327254570
1378916,1353 ,1687327255086
1378916,1294 ,1687327255253
1378916,1356 ,1687327255771
1378916,1341 ,1687327255935
1378916,1469 ,1687327256458
1378916,1294 ,1687327256628
1378916,1441 ,1687327257142
1378916,1212 ,1687327257339
1378916,1465 ,1687327257844
1378916,1456 ,1687327258045
1378916,1444 ,1687327258540
1378916,1319 ,1687327258746
1378916,1981 ,1687327259230
1378916,1118 ,1687327259435
1378916,1881 ,1687327259911
1378916,793.8 ,1687327260123
1378916,1481 ,1687327260608
1378916,1325 ,1687327260805
1378916,747.1 ,1687327261294
1378916,2019 ,1687327261489
1378916,887.5 ,1687327261998
1378916,2106 ,1687327262194
1378916,793.8 ,1687327262680
1378916,1394 ,1687327262872
1378916,1759 ,1687327263364
1378916,762.5 ,1687327263554
1378916,1382 ,1687327264053
1378916,1006 ,1687327264246
1378916,1444 ,1687327264743
1378916,1350 ,1687327264928
1378916,818.8 ,1687327265428
1378916,1988 ,1687327265607
1378916,762.5 ,1687327266115
1378916,1288 ,1687327266293
1378916,812.5 ,1687327266832
1378916,2094 ,1687327266987
1378916,806.2 ,1687327267506
1378916,1925 ,1687327267672
1378916,768.8 ,1687327268189
1378916,1994 ,1687327268359
1378916,731.2 ,1687327268872
1378916,2006 ,1687327269046
1378916,647.1 ,1687327269554
1378916,2125 ,1687327269728
1378916,1125 ,1687327270241
1378916,1582 ,1687327270411
1378916,1100 ,1687327270932
1378916,1375 ,1687327271106
1378916,1400 ,1687327271645
1378916,1325 ,1687327271818
1378916,1300 ,1687327272330
1378916,1500 ,1687327272512
1378916,1388 ,1687327273030
1378916,1438 ,1687327273202
1378916,1450 ,1687327273720
1378916,1494 ,1687327273891
1378916,1406 ,1687327274401
1378916,1475 ,1687327274571
1378916,1406 ,1687327275084
1378916,1044 ,1687327275275
1378916,1359 ,1687327275782
1378916,1081 ,1687327275966
1378916,831.2 ,1687327276480
1378916,2012 ,1687327276656
1378916,856.2 ,1687327277160
1378916,1841 ,1687327277343
1378916,1200 ,1687327277842
1378916,1524 ,1687327278034
1378916,875.0 ,1687327278532
1378916,2050 ,1687327278723
1378916,806.2 ,1687327279222
1378916,1906 ,1687327279404
1378916,1444 ,1687327279922
1378916,1400 ,1687327280090
1378916,1419 ,1687327280612
1378916,1119 ,1687327280772
1378916,1012 ,1687327281303
1378916,1112 ,1687327281470
1378916,1325 ,1687327281998
1378916,800.0 ,1687327282169
1378916,1947 ,1687327282684
1378916,300.0 ,1687327282856
1378916,1131 ,1687327283367
1378916,1347 ,1687327283545
1378916,1006 ,1687327284053
1378916,1265 ,1687327284241
1378916,831.2 ,1687327284743
1378916,981.2 ,1687327284933
1378916,2006 ,1687327285428
1378916,1131 ,1687327285624
1378916,1865 ,1687327286115
1378916,812.5 ,1687327286307
1378916,1888 ,1687327286802
1378916,812.5 ,1687327286990
1378916,800.0 ,1687327287491
1378916,1235 ,1687327287673
1378916,725.0 ,1687327288176
1378916,2081 ,1687327288379
1378916,1369 ,1687327288863
1378916,1406 ,1687327289061
1378916,1538 ,1687327289549
1378916,1506 ,1687327289750
1378916,956.2 ,1687327290237
1378916,837.5 ,1687327290454
1378916,1941 ,1687327290965
1378916,737.5 ,1687327291138
1378916,2075 ,1687327291646
1378916,758.8 ,1687327291821
1378916,1965 ,1687327292333
1378916,718.8 ,1687327292510
1378916,2138 ,1687327293018
1378916,700.0 ,1687327293198
1378916,2100 ,1687327293699
1378916,825.0 ,1687327293878
1378916,2069 ,1687327294382
1378916,818.8 ,1687327294562
1378916,2018 ,1687327295064
1378916,856.2 ,1687327295246
1378916,1918 ,1687327295754
1378916,800.0 ,1687327295926
1378916,1694 ,1687327296448
1378916,894.1 ,1687327296612
1378916,1850 ,1687327297131
1378916,893.8 ,1687327297302
1378916,2106 ,1687327297818
1378916,806.2 ,1687327297988
1378916,2106 ,1687327298500
1378916,764.7 ,1687327298676
1378916,2006 ,1687327299189
1378916,817.6 ,1687327299356
1378916,2056 ,1687327299877
1378916,725.0 ,1687327300040
1378916,1162 ,1687327300560
1378916,1335 ,1687327300740
1378916,1400 ,1687327301257
1378916,1050 ,1687327301430
1378916,693.8 ,1687327301941
1378916,2006 ,1687327302113
1378916,975.0 ,1687327302628
1378916,1853 ,1687327302792
1378916,1081 ,1687327303324
1378916,1806 ,1687327303481
1378916,875.0 ,1687327304014
1378916,1919 ,1687327304168
1378916,831.2 ,1687327304698
1378916,2006 ,1687327304861
1378916,731.2 ,1687327305382
1378916,1325 ,1687327305547
1378916,1388 ,1687327306062
1378916,1438 ,1687327306232
1378916,1325 ,1687327306743
1378916,1175 ,1687327306912
1378916,2081 ,1687327307425
1378916,750.0 ,1687327307606
1378916,1475 ,1687327308108
1378916,1381 ,1687327308282
1378916,1525 ,1687327308793
1378916,993.8 ,1687327308963
1378916,856.2 ,1687327309476
1378916,2150 ,1687327309650
1378916,800.0 ,1687327310169
1378916,1462 ,1687327310334
1378916,1435 ,1687327310851
1378916,994.1 ,1687327311022
1378916,1712 ,1687327311549
1378916,806.2 ,1687327311739
1378916,1788 ,1687327312239
1378916,781.2 ,1687327312417
1378916,1456 ,1687327312922
1378916,1106 ,1687327313121
1378916,1500 ,1687327313616
1378916,1300 ,1687327313794
1378916,800.0 ,1687327314297
1378916,1794 ,1687327314476
1378916,1035 ,1687327314985
1378916,1406 ,1687327315162
1378916,1406 ,1687327315686
1378916,1450 ,1687327315855
1378916,1288 ,1687327316372
1378916,1381 ,1687327316549
1378916,1406 ,1687327317063
1378916,1188 ,1687327317235
1378916,1594 ,1687327317748
1378916,1065 ,1687327317928
1378916,1431 ,1687327318447
1378916,1425 ,1687327318609
1378916,1362 ,1687327319130
1378916,1369 ,1687327319292
1378916,1431 ,1687327319817
1378916,1425 ,1687327319981
1378916,1444 ,1687327320495
1378916,1182 ,1687327320664
1378916,1094 ,1687327321183
1378916,1239 ,1687327321364
1378916,1394 ,1687327321893
1378916,1347 ,1687327322065
1378916,1381 ,1687327322578
1378916,1369 ,1687327322751
1378916,1482 ,1687327323265
1378916,1394 ,1687327323431
1378916,1375 ,1687327323945
1378916,1294 ,1687327324118
1378916,1200 ,1687327324631
1378916,1406 ,1687327324803
1378916,1094 ,1687327325328
1378916,817.6 ,1687327325531
1378916,100.0 ,1687327326035
1378916,94.1 ,1687327326215
1378916,88.2 ,1687327326724
1378916,100.0 ,1687327326899
1378916,100.0 ,1687327327408
1378916,106.2 ,1687327327589
