629454,94.4 ,1693186594622
629454,1278 ,1693186595331
629454,2333 ,1693186596039
629454,2506 ,1693186596747
629454,3159 ,1693186597457
629454,2818 ,1693186598165
629454,2353 ,1693186598874
629454,200.0 ,1693186599564
629454,200.0 ,1693186600264
629454,194.1 ,1693186600969
629454,200.0 ,1693186601672
629454,917.6 ,1693186602370
629454,1300 ,1693186603070
629454,975.0 ,1693186603766
629454,194.1 ,1693186604462
629454,200.0 ,1693186605158
629454,212.5 ,1693186605864
629454,205.9 ,1693186606569
629454,212.5 ,1693186607272
629454,200.0 ,1693186607976
629454,200.0 ,1693186608678
629454,188.2 ,1693186609378
629454,788.2 ,1693186610078
629454,800.0 ,1693186610778
629454,817.6 ,1693186611479
629454,106.2 ,1693186612184
629454,100.0 ,1693186612885
629454,100.0 ,1693186613589
629454,100.0 ,1693186614291
629454,100.0 ,1693186615001
629454,94.1 ,1693186615709
629454,112.5 ,1693186616404
629454,106.2 ,1693186617104
629454,100.0 ,1693186617801
629454,100.0 ,1693186618501
629454,105.9 ,1693186619203
629454,106.2 ,1693186619904
629454,100.0 ,1693186620603
629454,100.0 ,1693186621307
629454,106.2 ,1693186622005
629454,100.0 ,1693186622705
629454,100.0 ,1693186623407
629454,100.0 ,1693186624111
629454,94.1 ,1693186624812
629454,100.0 ,1693186625514
629454,100.0 ,1693186626214
629454,105.9 ,1693186626918
629454,94.1 ,1693186627618
629454,82.4 ,1693186628318
629454,94.1 ,1693186629023
629454,100.0 ,1693186629727
629454,100.0 ,1693186630431
629454,100.0 ,1693186631130
629454,100.0 ,1693186631836
629454,100.0 ,1693186632535
629454,94.1 ,1693186633235
629454,100.0 ,1693186633933
629454,94.1 ,1693186634635
629454,94.1 ,1693186635335
629454,94.1 ,1693186636039
629454,106.2 ,1693186636742
629454,94.4 ,1693186637441
629454,100.0 ,1693186638147
629454,100.0 ,1693186638847
629454,100.0 ,1693186639551
629454,88.2 ,1693186640253
629454,100.0 ,1693186640955
629454,94.1 ,1693186641658
629454,94.1 ,1693186642363
629454,94.1 ,1693186643066
629454,94.1 ,1693186643770
629454,100.0 ,1693186644471
629454,94.1 ,1693186645170
629454,94.1 ,1693186645871
629454,88.2 ,1693186646575
629454,3276 ,1693186647275
629454,282.4 ,1693186647978
629454,1576 ,1693186648680
629454,1200 ,1693186649384
629454,1688 ,1693186650086
629454,1718 ,1693186650788
629454,2171 ,1693186651491
629454,1665 ,1693186652195
629454,2741 ,1693186652900
629454,1429 ,1693186653604
629454,100.0 ,1693186654308
629454,100.0 ,1693186655010
