4029934,100.0 ,1688355709440
4029934,2981 ,1688355710138
4029934,3050 ,1688355710832
4029934,2706 ,1688355711519
4029934,3000 ,1688355712193
4029934,2662 ,1688355712879
4029934,1356 ,1688355713592
4029934,200.0 ,1688355714267
4029934,188.2 ,1688355714953
4029934,206.2 ,1688355715639
4029934,200.0 ,1688355716328
4029934,194.1 ,1688355717015
4029934,194.1 ,1688355717704
4029934,194.1 ,1688355718393
4029934,188.2 ,1688355719084
4029934,206.2 ,1688355719772
4029934,188.2 ,1688355720454
4029934,194.1 ,1688355721144
4029934,200.0 ,1688355721832
4029934,206.2 ,1688355722518
4029934,206.2 ,1688355723205
4029934,206.2 ,1688355723896
4029934,200.0 ,1688355724585
4029934,200.0 ,1688355725277
4029934,194.1 ,1688355725962
4029934,206.2 ,1688355726651
4029934,212.5 ,1688355727339
4029934,212.5 ,1688355728028
4029934,212.5 ,1688355728719
4029934,206.2 ,1688355729407
4029934,206.2 ,1688355730097
4029934,206.2 ,1688355730788
4029934,200.0 ,1688355731476
4029934,206.2 ,1688355732157
4029934,194.1 ,1688355732844
4029934,100.0 ,1688355733532
4029934,831.2 ,1688355734219
4029934,718.8 ,1688355734901
4029934,606.2 ,1688355735580
4029934,629.4 ,1688355736263
4029934,706.2 ,1688355736951
4029934,676.5 ,1688355737632
4029934,737.5 ,1688355738324
4029934,725.0 ,1688355739005
4029934,868.8 ,1688355739693
4029934,725.0 ,1688355740377
4029934,593.8 ,1688355741065
4029934,641.2 ,1688355741744
4029934,718.8 ,1688355742431
4029934,750.0 ,1688355743117
4029934,568.8 ,1688355743807
4029934,200.0 ,1688355744484
4029934,206.2 ,1688355745177
4029934,194.1 ,1688355745864
4029934,200.0 ,1688355746552
4029934,200.0 ,1688355747238
4029934,194.1 ,1688355747924
4029934,212.5 ,1688355748611
4029934,193.8 ,1688355749299
4029934,194.1 ,1688355749985
4029934,188.2 ,1688355750673
4029934,188.2 ,1688355751364
4029934,712.5 ,1688355752050
4029934,575.0 ,1688355752738
4029934,525.0 ,1688355753427
4029934,600.0 ,1688355754110
4029934,600.0 ,1688355754791
4029934,531.2 ,1688355755478
4029934,600.0 ,1688355756162
4029934,993.8 ,1688355756847
4029934,450.0 ,1688355757531
4029934,535.3 ,1688355758214
4029934,656.2 ,1688355758898
4029934,518.8 ,1688355759581
4029934,593.8 ,1688355760265
4029934,687.5 ,1688355760948
4029934,581.2 ,1688355761628
4029934,568.8 ,1688355762314
4029934,106.2 ,1688355762999
4029934,94.1 ,1688355763684
4029934,100.0 ,1688355764374
4029934,100.0 ,1688355765064
4029934,100.0 ,1688355765748
4029934,100.0 ,1688355766436
4029934,100.0 ,1688355767127
4029934,100.0 ,1688355767817
4029934,94.1 ,1688355768504
4029934,106.2 ,1688355769192
4029934,100.0 ,1688355769876
4029934,106.2 ,1688355770567
4029934,106.2 ,1688355771256
4029934,106.2 ,1688355771943
4029934,100.0 ,1688355772631
4029934,106.2 ,1688355773317
4029934,106.2 ,1688355774009
4029934,93.8 ,1688355774700
4029934,106.2 ,1688355775387
4029934,100.0 ,1688355776076
4029934,100.0 ,1688355776761
4029934,100.0 ,1688355777447
4029934,100.0 ,1688355778137
4029934,100.0 ,1688355778825
4029934,94.1 ,1688355779513
4029934,100.0 ,1688355780201
4029934,100.0 ,1688355780889
4029934,100.0 ,1688355781577
4029934,94.1 ,1688355782264
4029934,94.1 ,1688355782953
4029934,106.2 ,1688355783645
4029934,106.2 ,1688355784336
4029934,106.2 ,1688355785026
4029934,106.2 ,1688355785716
4029934,112.5 ,1688355786407
4029934,106.2 ,1688355787095
4029934,100.0 ,1688355787785
4029934,106.2 ,1688355788472
4029934,106.2 ,1688355789159
4029934,100.0 ,1688355789847
4029934,100.0 ,1688355790536
4029934,100.0 ,1688355791224
4029934,100.0 ,1688355791912
4029934,106.2 ,1688355792600
4029934,106.2 ,1688355793288
4029934,100.0 ,1688355793974
4029934,100.0 ,1688355794666
4029934,100.0 ,1688355795353
4029934,106.2 ,1688355796040
4029934,100.0 ,1688355796728
4029934,100.0 ,1688355797417
4029934,106.2 ,1688355798107
4029934,106.2 ,1688355798796
4029934,100.0 ,1688355799484
4029934,106.2 ,1688355800172
4029934,100.0 ,1688355800860
4029934,100.0 ,1688355801549
4029934,100.0 ,1688355802236
4029934,106.2 ,1688355802926
4029934,100.0 ,1688355803616
4029934,94.1 ,1688355804304
4029934,100.0 ,1688355804994
4029934,100.0 ,1688355805684
4029934,100.0 ,1688355806372
4029934,106.2 ,1688355807058
4029934,100.0 ,1688355807748
4029934,94.1 ,1688355808433
4029934,94.1 ,1688355809123
4029934,106.2 ,1688355809813
4029934,106.2 ,1688355810500
4029934,100.0 ,1688355811188
4029934,106.2 ,1688355811875
4029934,100.0 ,1688355812564
4029934,100.0 ,1688355813256
4029934,100.0 ,1688355813939
4029934,94.1 ,1688355814623
4029934,94.1 ,1688355815312
4029934,100.0 ,1688355816003
4029934,106.2 ,1688355816689
4029934,100.0 ,1688355817375
4029934,94.1 ,1688355818065
4029934,94.1 ,1688355818752
4029934,106.2 ,1688355819441
4029934,106.2 ,1688355820128
4029934,100.0 ,1688355820817
4029934,100.0 ,1688355821501
4029934,100.0 ,1688355822192
4029934,106.2 ,1688355822880
4029934,106.2 ,1688355823569
4029934,100.0 ,1688355824255
4029934,100.0 ,1688355824945
4029934,94.1 ,1688355825635
4029934,100.0 ,1688355826323
4029934,106.2 ,1688355827012
4029934,106.2 ,1688355827700
4029934,100.0 ,1688355828387
4029934,100.0 ,1688355829076
4029934,100.0 ,1688355829762
4029934,100.0 ,1688355830452
4029934,106.2 ,1688355831139
4029934,106.2 ,1688355831827
4029934,94.1 ,1688355832514
4029934,94.1 ,1688355833202
4029934,94.1 ,1688355833891
4029934,106.2 ,1688355834581
4029934,100.0 ,1688355835268
4029934,100.0 ,1688355835955
4029934,94.1 ,1688355836644
4029934,106.2 ,1688355837331
4029934,106.2 ,1688355838019
4029934,100.0 ,1688355838707
4029934,100.0 ,1688355839395
4029934,100.0 ,1688355840087
4029934,106.2 ,1688355840777
4029934,100.0 ,1688355841463
4029934,94.1 ,1688355842152
4029934,106.2 ,1688355842838
4029934,100.0 ,1688355843525
4029934,106.2 ,1688355844211
4029934,106.2 ,1688355844899
4029934,100.0 ,1688355845588
4029934,106.2 ,1688355846275
4029934,100.0 ,1688355846963
4029934,100.0 ,1688355847649
4029934,106.2 ,1688355848335
4029934,106.2 ,1688355849024
4029934,100.0 ,1688355849712
4029934,106.2 ,1688355850395
4029934,100.0 ,1688355851083
4029934,106.2 ,1688355851772
4029934,100.0 ,1688355852460
4029934,106.2 ,1688355853148
4029934,106.2 ,1688355853836
4029934,94.1 ,1688355854524
4029934,106.2 ,1688355855212
4029934,106.2 ,1688355855899
4029934,106.2 ,1688355856587
4029934,100.0 ,1688355857276
4029934,100.0 ,1688355857965
4029934,100.0 ,1688355858655
4029934,94.1 ,1688355859342
4029934,106.2 ,1688355860031
4029934,100.0 ,1688355860720
4029934,100.0 ,1688355861408
4029934,100.0 ,1688355862096
4029934,100.0 ,1688355862784
4029934,106.2 ,1688355863472
4029934,100.0 ,1688355864160
4029934,193.8 ,1688355864848
4029934,112.5 ,1688355865533
4029934,637.5 ,1688355866221
4029934,100.0 ,1688355866910
4029934,612.5 ,1688355867596
4029934,106.2 ,1688355868282
4029934,100.0 ,1688355868967
4029934,2562 ,1688355869694
4029934,2562 ,1688355870346
4029934,106.2 ,1688355871066
4029934,437.5 ,1688355871754
4029934,2294 ,1688355872466
4029934,206.2 ,1688355873140
4029934,1969 ,1688355873826
4029934,275.0 ,1688355874538
4029934,94.1 ,1688355875222
4029934,562.5 ,1688355875907
4029934,200.0 ,1688355876593
4029934,466.7 ,1688355877300
4029934,3200 ,1688355878002
4029934,2050 ,1688355878687
4029934,100.0 ,1688355879390
4029934,611.8 ,1688355880072
4029934,162.5 ,1688355880758
4029934,193.8 ,1688355881441
4029934,529.4 ,1688355882151
4029934,3156 ,1688355882858
4029934,1306 ,1688355883551
4029934,175.0 ,1688355884248
4029934,456.2 ,1688355884926
4029934,2941 ,1688355885631
4029934,1562 ,1688355886321
4029934,281.2 ,1688355887029
4029934,211.8 ,1688355887714
4029934,572.2 ,1688355888426
4029934,100.0 ,1688355889097
4029934,106.2 ,1688355889782
4029934,1853 ,1688355890494
4029934,3041 ,1688355891206
4029934,200.0 ,1688355891887
4029934,517.6 ,1688355892585
4029934,2982 ,1688355893290
4029934,2778 ,1688355894042
4029934,194.1 ,1688355894753
4029934,106.2 ,1688355895440
4029934,493.8 ,1688355896119
4029934,100.0 ,1688355896793
4029934,2663 ,1688355897514
4029934,106.2 ,1688355898225
4029934,2371 ,1688355898942
4029934,256.2 ,1688355899622
4029934,212.5 ,1688355900306
4029934,1012 ,1688355901014
4029934,2762 ,1688355901726
4029934,100.0 ,1688355902390
4029934,164.7 ,1688355903072
4029934,468.8 ,1688355903756
4029934,3200 ,1688355904474
4029934,112.5 ,1688355905201
4029934,2976 ,1688355905918
4029934,862.5 ,1688355906622
4029934,181.2 ,1688355907330
4029934,694.4 ,1688355908042
4029934,200.0 ,1688355908724
4029934,443.8 ,1688355909408
4029934,2965 ,1688355910114
4029934,188.2 ,1688355910792
4029934,735.3 ,1688355911479
4029934,156.2 ,1688355912205
4029934,581.2 ,1688355912894
4029934,1665 ,1688355913573
4029934,100.0 ,1688355914293
4029934,212.5 ,1688355914981
4029934,2347 ,1688355915702
4029934,1462 ,1688355916366
4029934,306.2 ,1688355917076
4029934,100.0 ,1688355917760
4029934,3200 ,1688355918462
4029934,306.2 ,1688355919246
4029934,158.8 ,1688355919933
4029934,1472 ,1688355920642
4029934,93.8 ,1688355921336
4029934,2338 ,1688355922017
4029934,243.8 ,1688355922716
4029934,1676 ,1688355923403
4029934,262.5 ,1688355924118
4029934,712.5 ,1688355924801
4029934,300.0 ,1688355925501
4029934,1329 ,1688355926184
4029934,100.0 ,1688355926905
4029934,237.5 ,1688355927592
4029934,2612 ,1688355928298
4029934,2606 ,1688355929018
4029934,300.0 ,1688355929688
4029934,193.8 ,1688355930373
4029934,950.0 ,1688355931090
4029934,100.0 ,1688355931770
4029934,2525 ,1688355932486
4029934,176.5 ,1688355933153
4029934,556.2 ,1688355933845
4029934,2976 ,1688355934574
4029934,106.2 ,1688355935257
4029934,575.0 ,1688355935944
4029934,100.0 ,1688355936629
4029934,100.0 ,1688355937312
4029934,206.2 ,1688355937993
4029934,1281 ,1688355938678
4029934,100.0 ,1688355939357
4029934,2379 ,1688355940086
4029934,782.4 ,1688355940770
4029934,181.2 ,1688355941486
4029934,387.5 ,1688355942160
4029934,137.5 ,1688355942839
4029934,206.2 ,1688355943522
4029934,1806 ,1688355944238
4029934,1744 ,1688355944954
4029934,100.0 ,1688355945627
4029934,2283 ,1688355946338
4029934,2394 ,1688355947015
4029934,300.0 ,1688355947762
4029934,106.2 ,1688355948446
4029934,2663 ,1688355949158
4029934,252.9 ,1688355949882
4029934,2538 ,1688355950569
4029934,200.0 ,1688355951278
4029934,580.0 ,1688355951948
4029934,93.8 ,1688355952622
4029934,2511 ,1688355953322
4029934,117.6 ,1688355954034
4029934,412.5 ,1688355954721
4029934,2735 ,1688355955410
4029934,2321 ,1688355956076
4029934,100.0 ,1688355956817
4029934,368.8 ,1688355957505
4029934,2900 ,1688355958206
4029934,687.5 ,1688355958910
4029934,106.2 ,1688355959622
4029934,2482 ,1688355960342
4029934,211.8 ,1688355961014
4029934,100.0 ,1688355961700
4029934,218.8 ,1688355962381
4029934,1561 ,1688355963090
4029934,3029 ,1688355963806
4029934,100.0 ,1688355964514
4029934,187.5 ,1688355965192
4029934,555.6 ,1688355965900
4029934,93.8 ,1688355966578
4029934,362.5 ,1688355967261
4029934,206.2 ,1688355967941
4029934,375.0 ,1688355968622
4029934,2131 ,1688355969330
4029934,2738 ,1688355970005
4029934,306.2 ,1688355970704
4029934,187.5 ,1688355971392
4029934,1489 ,1688355972110
4029934,2806 ,1688355972806
4029934,288.2 ,1688355973514
4029934,106.2 ,1688355974199
4029934,2361 ,1688355974906
4029934,1188 ,1688355975584
4029934,406.2 ,1688355976272
4029934,106.2 ,1688355976960
4029934,2906 ,1688355977686
4029934,250.0 ,1688355978400
4029934,182.4 ,1688355979080
4029934,500.0 ,1688355979760
4029934,800.0 ,1688355980443
4029934,181.2 ,1688355981144
4029934,437.5 ,1688355981831
4029934,194.1 ,1688355982513
4029934,100.0 ,1688355983200
4029934,517.6 ,1688355983883
4029934,100.0 ,1688355984569
4029934,188.2 ,1688355985254
4029934,1011 ,1688355985958
4029934,100.0 ,1688355986648
4029934,1056 ,1688355987331
4029934,262.5 ,1688355988032
4029934,2200 ,1688355988742
4029934,1131 ,1688355989432
4029934,311.8 ,1688355990134
4029934,158.8 ,1688355990821
4029934,547.1 ,1688355991527
4029934,118.8 ,1688355992206
4029934,462.5 ,1688355992889
4029934,3075 ,1688355993567
4029934,106.2 ,1688355994276
4029934,256.2 ,1688355994959
4029934,1047 ,1688355995658
4029934,2718 ,1688355996370
4029934,93.8 ,1688355997082
4029934,212.5 ,1688355997764
4029934,425.0 ,1688355998451
4029934,3059 ,1688355999134
4029934,175.0 ,1688355999846
4029934,373.3 ,1688356000527
4029934,1165 ,1688356001234
4029934,100.0 ,1688356001910
4029934,131.2 ,1688356002597
4029934,456.2 ,1688356003280
4029934,2744 ,1688356003961
4029934,306.2 ,1688356004639
4029934,94.1 ,1688356005324
4029934,3169 ,1688356006034
4029934,312.5 ,1688356006746
4029934,170.6 ,1688356007434
4029934,550.0 ,1688356008118
4029934,1730 ,1688356008834
4029934,131.2 ,1688356009603
4029934,182.4 ,1688356010286
4029934,1672 ,1688356011006
4029934,106.2 ,1688356011676
4029934,1175 ,1688356012358
4029934,150.0 ,1688356013060
4029934,1124 ,1688356013776
4029934,2856 ,1688356014450
4029934,106.2 ,1688356015157
4029934,112.5 ,1688356015846
4029934,2924 ,1688356016551
4029934,106.2 ,1688356017228
4029934,1638 ,1688356017912
4029934,175.0 ,1688356018618
4029934,518.8 ,1688356019300
4029934,100.0 ,1688356019974
4029934,100.0 ,1688356020659
4029934,2238 ,1688356021374
4029934,256.2 ,1688356022039
4029934,100.0 ,1688356022727
4029934,2663 ,1688356023450
4029934,147.1 ,1688356024145
4029934,2350 ,1688356024830
4029934,193.8 ,1688356025546
4029934,394.1 ,1688356026255
4029934,226.7 ,1688356026929
4029934,2044 ,1688356027611
4029934,287.5 ,1688356028306
4029934,218.8 ,1688356028992
4029934,633.3 ,1688356029698
4029934,176.5 ,1688356030384
4029934,106.2 ,1688356031068
4029934,493.8 ,1688356031752
4029934,106.2 ,1688356032433
4029934,2817 ,1688356033158
4029934,1862 ,1688356033846
4029934,206.2 ,1688356034570
4029934,106.2 ,1688356035256
4029934,425.0 ,1688356035940
4029934,187.5 ,1688356036626
4029934,847.1 ,1688356037330
4029934,2953 ,1688356038014
4029934,162.5 ,1688356038722
4029934,2606 ,1688356039430
4029934,2461 ,1688356040138
4029934,206.2 ,1688356040822
4029934,106.2 ,1688356041506
4029934,2031 ,1688356042194
4029934,270.6 ,1688356042893
4029934,193.8 ,1688356043582
4029934,440.0 ,1688356044266
4029934,2941 ,1688356044966
4029934,231.2 ,1688356045655
4029934,741.2 ,1688356046341
4029934,168.8 ,1688356047040
4029934,876.5 ,1688356047735
4029934,2817 ,1688356048438
4029934,1044 ,1688356049150
4029934,175.0 ,1688356049873
4029934,626.7 ,1688356050566
4029934,181.2 ,1688356051250
4029934,487.5 ,1688356051930
4029934,706.2 ,1688356052605
4029934,176.5 ,1688356053353
4029934,412.5 ,1688356054038
4029934,2717 ,1688356054750
4029934,175.0 ,1688356055442
4029934,168.8 ,1688356056150
4029934,512.5 ,1688356056838
4029934,1965 ,1688356057550
4029934,2862 ,1688356058222
4029934,100.0 ,1688356058928
4029934,593.8 ,1688356059613
4029934,100.0 ,1688356060293
4029934,2038 ,1688356060978
4029934,106.2 ,1688356061663
4029934,3200 ,1688356062370
4029934,211.8 ,1688356063061
4029934,1119 ,1688356063749
4029934,493.8 ,1688356064454
4029934,106.2 ,1688356065137
4029934,100.0 ,1688356065821
4029934,2829 ,1688356066542
4029934,100.0 ,1688356067238
4029934,150.0 ,1688356067924
4029934,2261 ,1688356068642
4029934,1088 ,1688356069311
4029934,162.5 ,1688356070030
4029934,2962 ,1688356070715
4029934,93.8 ,1688356071441
4029934,418.8 ,1688356072125
4029934,94.1 ,1688356072814
4029934,593.8 ,1688356073492
4029934,176.5 ,1688356074173
4029934,2006 ,1688356074856
4029934,337.5 ,1688356075565
4029934,100.0 ,1688356076253
4029934,187.5 ,1688356076925
4029934,935.3 ,1688356077642
4029934,94.1 ,1688356078325
4029934,1659 ,1688356079038
4029934,93.8 ,1688356079730
4029934,2918 ,1688356080437
4029934,1675 ,1688356081146
4029934,206.2 ,1688356081850
4029934,550.0 ,1688356082551
4029934,3200 ,1688356083230
4029934,206.2 ,1688356083981
4029934,2811 ,1688356084678
4029934,1619 ,1688356085401
4029934,106.7 ,1688356086116
4029934,1962 ,1688356086814
4029934,200.0 ,1688356087498
4029934,1419 ,1688356088206
4029934,306.2 ,1688356088879
4029934,94.1 ,1688356089565
4029934,1931 ,1688356090248
4029934,125.0 ,1688356090949
4029934,2853 ,1688356091666
4029934,318.8 ,1688356092338
4029934,106.2 ,1688356093026
4029934,387.5 ,1688356093709
4029934,2294 ,1688356094434
4029934,135.3 ,1688356095094
4029934,2971 ,1688356095822
4029934,181.2 ,1688356096524
4029934,747.1 ,1688356097234
4029934,2628 ,1688356097938
4029934,1438 ,1688356098637
4029934,312.5 ,1688356099360
4029934,168.8 ,1688356100045
4029934,612.5 ,1688356100754
4029934,106.2 ,1688356101425
4029934,776.5 ,1688356102108
4029934,306.2 ,1688356102842
4029934,666.7 ,1688356103521
4029934,268.8 ,1688356104262
4029934,3119 ,1688356104949
4029934,193.8 ,1688356105708
4029934,806.2 ,1688356106389
4029934,500.0 ,1688356107113
4029934,137.5 ,1688356107798
4029934,113.3 ,1688356108478
4029934,587.5 ,1688356109158
4029934,250.0 ,1688356109840
4029934,3100 ,1688356110526
4029934,312.5 ,1688356111249
4029934,106.2 ,1688356111931
4029934,2865 ,1688356112626
4029934,168.8 ,1688356113325
4029934,500.0 ,1688356114008
4029934,206.2 ,1688356114692
4029934,1538 ,1688356115377
4029934,343.8 ,1688356116073
4029934,193.8 ,1688356116752
4029934,450.0 ,1688356117433
4029934,3181 ,1688356118108
4029934,93.8 ,1688356118821
4029934,237.5 ,1688356119500
4029934,1594 ,1688356120210
4029934,200.0 ,1688356120890
4029934,2872 ,1688356121598
4029934,268.8 ,1688356122321
4029934,388.2 ,1688356123015
4029934,106.2 ,1688356123699
4029934,2488 ,1688356124410
4029934,100.0 ,1688356125091
4029934,500.0 ,1688356125766
4029934,2965 ,1688356126454
4029934,306.2 ,1688356127165
4029934,2581 ,1688356127850
4029934,241.2 ,1688356128564
4029934,100.0 ,1688356129249
4029934,2806 ,1688356129962
4029934,475.0 ,1688356130670
4029934,293.8 ,1688356131357
4029934,106.2 ,1688356132040
4029934,231.2 ,1688356132725
4029934,3156 ,1688356133446
4029934,318.8 ,1688356134137
4029934,193.3 ,1688356134825
4029934,2531 ,1688356135534
4029934,300.0 ,1688356136209
4029934,106.2 ,1688356136885
4029934,435.3 ,1688356137562
4029934,2735 ,1688356138290
4029934,106.2 ,1688356138962
4029934,437.5 ,1688356139633
4029934,94.1 ,1688356140314
4029934,2356 ,1688356140997
4029934,343.8 ,1688356141709
4029934,94.1 ,1688356142393
4029934,2706 ,1688356143114
4029934,587.5 ,1688356143826
4029934,218.8 ,1688356144532
4029934,700.0 ,1688356145238
4029934,2356 ,1688356145947
4029934,206.2 ,1688356146638
4029934,1850 ,1688356147325
4029934,175.0 ,1688356148049
4029934,550.0 ,1688356148736
4029934,200.0 ,1688356149420
4029934,1162 ,1688356150138
4029934,2888 ,1688356150816
4029934,481.2 ,1688356151525
4029934,306.2 ,1688356152207
4029934,100.0 ,1688356152893
4029934,2944 ,1688356153595
4029934,412.5 ,1688356154298
4029934,188.2 ,1688356154984
4029934,2611 ,1688356155706
4029934,94.1 ,1688356156394
4029934,800.0 ,1688356157082
4029934,175.0 ,1688356157792
4029934,531.2 ,1688356158471
4029934,193.8 ,1688356159150
4029934,525.0 ,1688356159858
4029934,2518 ,1688356160570
4029934,2867 ,1688356161266
4029934,200.0 ,1688356161985
4029934,482.4 ,1688356162695
4029934,2644 ,1688356163406
4029934,2281 ,1688356164085
4029934,94.1 ,1688356164792
4029934,368.8 ,1688356165476
4029934,93.8 ,1688356166161
4029934,529.4 ,1688356166843
4029934,106.2 ,1688356167529
4029934,212.5 ,1688356168217
4029934,1194 ,1688356168934
4029934,111.8 ,1688356169613
4029934,2811 ,1688356170330
4029934,193.3 ,1688356171038
4029934,425.0 ,1688356171715
4029934,2856 ,1688356172422
4029934,100.0 ,1688356173141
4029934,662.5 ,1688356173828
4029934,100.0 ,1688356174511
4029934,188.2 ,1688356175194
4029934,566.7 ,1688356175886
4029934,3075 ,1688356176583
4029934,293.8 ,1688356177255
4029934,106.2 ,1688356177940
4029934,2482 ,1688356178658
4029934,2431 ,1688356179336
4029934,318.8 ,1688356180034
4029934,170.6 ,1688356180712
4029934,1671 ,1688356181422
4029934,150.0 ,1688356182116
4029934,3065 ,1688356182801
4029934,241.2 ,1688356183513
4029934,175.0 ,1688356184198
4029934,456.2 ,1688356184880
4029934,100.0 ,1688356185560
4029934,212.5 ,1688356186246
4029934,506.2 ,1688356186930
4029934,2712 ,1688356187650
4029934,206.2 ,1688356188347
4029934,100.0 ,1688356189033
4029934,3162 ,1688356189738
4029934,106.2 ,1688356190445
4029934,131.2 ,1688356191124
4029934,1456 ,1688356191835
4029934,247.1 ,1688356192533
4029934,106.2 ,1688356193217
4029934,141.2 ,1688356193901
4029934,550.0 ,1688356194598
4029934,3150 ,1688356195319
4029934,231.2 ,1688356196006
4029934,193.8 ,1688356196694
4029934,516.7 ,1688356197394
4029934,100.0 ,1688356198079
4029934,831.2 ,1688356198762
4029934,187.5 ,1688356199476
4029934,677.8 ,1688356200198
4029934,1444 ,1688356200876
4029934,711.8 ,1688356201572
4029934,331.2 ,1688356202258
4029934,168.8 ,1688356202943
4029934,3200 ,1688356203662
4029934,2529 ,1688356204354
4029934,143.8 ,1688356205050
4029934,2494 ,1688356205766
4029934,312.5 ,1688356206441
4029934,175.0 ,1688356207121
4029934,1594 ,1688356207842
4029934,1032 ,1688356208542
4029934,300.0 ,1688356209223
4029934,105.9 ,1688356209901
4029934,1771 ,1688356210595
4029934,441.2 ,1688356211312
4029934,100.0 ,1688356212001
4029934,2965 ,1688356212718
4029934,193.8 ,1688356213423
4029934,493.8 ,1688356214104
4029934,194.1 ,1688356214783
4029934,100.0 ,1688356215470
4029934,450.0 ,1688356216151
4029934,2931 ,1688356216847
4029934,381.2 ,1688356217527
4029934,206.2 ,1688356218209
4029934,2375 ,1688356218899
4029934,106.7 ,1688356219604
4029934,550.0 ,1688356220286
4029934,100.0 ,1688356220962
4029934,676.5 ,1688356221649
4029934,147.1 ,1688356222352
4029934,456.2 ,1688356223039
4029934,2988 ,1688356223734
4029934,1047 ,1688356224422
4029934,106.2 ,1688356225137
4029934,600.0 ,1688356225821
4029934,600.0 ,1688356226502
4029934,187.5 ,1688356227209
4029934,1200 ,1688356227914
4029934,3053 ,1688356228642
4029934,243.8 ,1688356229350
4029934,231.2 ,1688356230038
4029934,543.8 ,1688356230742
4029934,3012 ,1688356231423
4029934,205.9 ,1688356232133
4029934,125.0 ,1688356232821
4029934,506.2 ,1688356233503
4029934,181.2 ,1688356234185
4029934,2950 ,1688356234914
4029934,2362 ,1688356235590
4029934,181.2 ,1688356236281
4029934,487.5 ,1688356236963
4029934,2876 ,1688356237678
4029934,893.8 ,1688356238355
4029934,300.0 ,1688356239061
4029934,106.2 ,1688356239749
4029934,556.2 ,1688356240432
4029934,487.5 ,1688356241141
4029934,100.0 ,1688356241826
4029934,2300 ,1688356242538
4029934,125.0 ,1688356243217
4029934,193.8 ,1688356243902
4029934,393.8 ,1688356244584
4029934,368.8 ,1688356245284
4029934,200.0 ,1688356245965
4029934,3071 ,1688356246682
4029934,100.0 ,1688356247369
4029934,2611 ,1688356248082
4029934,3200 ,1688356248768
4029934,143.8 ,1688356249464
4029934,2667 ,1688356250177
4029934,100.0 ,1688356250867
4029934,2831 ,1688356251592
4029934,318.8 ,1688356252229
4029934,200.0 ,1688356252917
4029934,94.1 ,1688356253601
4029934,575.0 ,1688356254311
4029934,516.7 ,1688356255026
4029934,2579 ,1688356255730
4029934,356.2 ,1688356256465
4029934,143.8 ,1688356257170
4029934,2541 ,1688356257878
4029934,206.2 ,1688356258575
4029934,2100 ,1688356259261
4029934,325.0 ,1688356259965
4029934,100.0 ,1688356260644
4029934,2912 ,1688356261343
4029934,106.2 ,1688356262066
4029934,2753 ,1688356262770
4029934,2256 ,1688356263453
4029934,100.0 ,1688356264148
4029934,156.2 ,1688356264832
4029934,2194 ,1688356265542
4029934,288.2 ,1688356266224
4029934,100.0 ,1688356266908
4029934,2668 ,1688356267626
4029934,200.0 ,1688356268345
4029934,2956 ,1688356269058
4029934,725.0 ,1688356269749
4029934,325.0 ,1688356270461
4029934,100.0 ,1688356271150
4029934,1112 ,1688356271834
4029934,443.8 ,1688356272536
4029934,100.0 ,1688356273225
4029934,1569 ,1688356273905
4029934,350.0 ,1688356274598
4029934,94.1 ,1688356275283
4029934,2031 ,1688356275970
4029934,181.2 ,1688356276679
4029934,1412 ,1688356277362
4029934,100.0 ,1688356278058
4029934,1878 ,1688356278766
4029934,2931 ,1688356279448
4029934,182.4 ,1688356280153
4029934,1338 ,1688356280862
4029934,162.5 ,1688356281535
4029934,212.5 ,1688356282220
4029934,1565 ,1688356282922
4029934,2681 ,1688356283610
4029934,106.2 ,1688356284321
4029934,243.8 ,1688356285002
4029934,1094 ,1688356285714
4029934,135.3 ,1688356286394
4029934,212.5 ,1688356287078
4029934,543.8 ,1688356287760
4029934,2744 ,1688356288439
4029934,837.5 ,1688356289157
4029934,200.0 ,1688356289872
4029934,2475 ,1688356290560
4029934,300.0 ,1688356291282
4029934,200.0 ,1688356291962
4029934,1059 ,1688356292674
4029934,143.8 ,1688356293350
4029934,1312 ,1688356294035
4029934,100.0 ,1688356294746
4029934,600.0 ,1688356295429
4029934,100.0 ,1688356296112
4029934,106.2 ,1688356296796
4029934,456.2 ,1688356297477
4029934,3017 ,1688356298182
4029934,206.2 ,1688356298884
4029934,3038 ,1688356299566
4029934,281.2 ,1688356300286
4029934,106.2 ,1688356300973
4029934,2976 ,1688356301686
4029934,212.5 ,1688356302372
4029934,893.8 ,1688356303057
4029934,106.2 ,1688356303770
4029934,1594 ,1688356304478
4029934,2475 ,1688356305177
4029934,175.0 ,1688356305901
4029934,506.2 ,1688356306585
4029934,100.0 ,1688356307265
4029934,2788 ,1688356307986
4029934,100.0 ,1688356308690
4029934,562.5 ,1688356309393
4029934,194.1 ,1688356310073
4029934,3056 ,1688356310758
4029934,312.5 ,1688356311468
4029934,106.2 ,1688356312151
4029934,2312 ,1688356312838
4029934,123.5 ,1688356313553
4029934,2017 ,1688356314270
4029934,306.2 ,1688356314943
4029934,212.5 ,1688356315621
4029934,917.6 ,1688356316334
4029934,100.0 ,1688356317012
4029934,1250 ,1688356317697
4029934,168.8 ,1688356318405
4029934,400.0 ,1688356319103
4029934,188.2 ,1688356319785
4029934,2200 ,1688356320469
4029934,100.0 ,1688356321178
4029934,350.0 ,1688356321859
4029934,100.0 ,1688356322539
4029934,706.2 ,1688356323221
4029934,106.2 ,1688356323900
4029934,2978 ,1688356324614
4029934,106.2 ,1688356325297
4029934,643.8 ,1688356325984
4029934,100.0 ,1688356326665
4029934,2956 ,1688356327353
4029934,181.2 ,1688356328054
4029934,500.0 ,1688356328731
4029934,2150 ,1688356329418
4029934,273.3 ,1688356330116
4029934,2750 ,1688356330797
4029934,100.0 ,1688356331500
4029934,1400 ,1688356332210
4029934,168.8 ,1688356332896
4029934,2878 ,1688356333606
4029934,193.8 ,1688356334314
4029934,942.1 ,1688356335014
4029934,120.0 ,1688356335708
4029934,200.0 ,1688356336387
4029934,418.8 ,1688356337063
4029934,2878 ,1688356337770
4029934,111.8 ,1688356338473
4029934,1456 ,1688356339180
4029934,3089 ,1688356339902
4029934,93.8 ,1688356340612
4029934,350.0 ,1688356341291
4029934,1231 ,1688356341973
4029934,220.0 ,1688356342688
4029934,3041 ,1688356343402
4029934,212.5 ,1688356344106
4029934,2281 ,1688356344794
4029934,275.0 ,1688356345505
4029934,94.1 ,1688356346185
4029934,2181 ,1688356346870
4029934,187.5 ,1688356347573
4029934,1171 ,1688356348290
4029934,220.0 ,1688356348945
4029934,2473 ,1688356349642
4029934,100.0 ,1688356350392
4029934,2594 ,1688356351102
4029934,2169 ,1688356351764
4029934,113.3 ,1688356352457
4029934,552.9 ,1688356353135
4029934,100.0 ,1688356353820
4029934,3200 ,1688356354534
4029934,2825 ,1688356355216
4029934,100.0 ,1688356355936
4029934,212.5 ,1688356356615
4029934,1924 ,1688356357314
4029934,2100 ,1688356358011
4029934,206.2 ,1688356358718
4029934,1561 ,1688356359426
4029934,2006 ,1688356360112
4029934,629.4 ,1688356360825
4029934,176.5 ,1688356361553
4029934,406.2 ,1688356362239
4029934,2878 ,1688356362946
4029934,1119 ,1688356363630
4029934,140.0 ,1688356364337
4029934,2265 ,1688356365046
4029934,1547 ,1688356365758
4029934,100.0 ,1688356366434
4029934,100.0 ,1688356367116
4029934,300.0 ,1688356367828
4029934,3127 ,1688356368507
4029934,300.0 ,1688356369208
4029934,206.2 ,1688356369890
4029934,606.2 ,1688356370578
4029934,193.8 ,1688356371261
4029934,475.0 ,1688356371945
4029934,2338 ,1688356372627
4029934,164.7 ,1688356373334
4029934,600.0 ,1688356374019
4029934,112.5 ,1688356374700
4029934,2750 ,1688356375414
4029934,262.5 ,1688356376118
4029934,100.0 ,1688356376801
4029934,2478 ,1688356377510
4029934,252.9 ,1688356378213
4029934,2488 ,1688356378898
4029934,364.7 ,1688356379600
4029934,212.5 ,1688356380290
4029934,100.0 ,1688356380979
4029934,3019 ,1688356381686
4029934,356.2 ,1688356382368
4029934,193.8 ,1688356383053
4029934,200.0 ,1688356383732
4029934,262.5 ,1688356384422
4029934,2817 ,1688356385130
4029934,306.2 ,1688356385842
4029934,212.5 ,1688356386526
4029934,1512 ,1688356387241
4029934,125.0 ,1688356387917
4029934,1422 ,1688356388630
4029934,2906 ,1688356389338
4029934,1600 ,1688356390046
4029934,166.7 ,1688356390770
4029934,513.3 ,1688356391446
4029934,2331 ,1688356392154
4029934,106.2 ,1688356392827
4029934,1894 ,1688356393511
4029934,175.0 ,1688356394242
4029934,653.3 ,1688356394924
4029934,206.2 ,1688356395602
4029934,1973 ,1688356396288
4029934,456.2 ,1688356396996
4029934,193.8 ,1688356397681
4029934,694.4 ,1688356398382
4029934,150.0 ,1688356399073
4029934,2789 ,1688356399794
4029934,281.2 ,1688356400486
4029934,212.5 ,1688356401169
4029934,575.0 ,1688356401865
4029934,2889 ,1688356402558
4029934,112.5 ,1688356403270
4029934,2918 ,1688356403983
4029934,125.0 ,1688356404677
4029934,106.2 ,1688356405362
4029934,562.5 ,1688356406043
4029934,200.0 ,1688356406726
4029934,517.6 ,1688356407443
4029934,2935 ,1688356408142
4029934,206.2 ,1688356408829
4029934,200.0 ,1688356409518
4029934,1476 ,1688356410238
4029934,175.0 ,1688356410914
4029934,1100 ,1688356411610
4029934,2638 ,1688356412288
4029934,181.2 ,1688356412988
4029934,2259 ,1688356413672
4029934,106.2 ,1688356414374
4029934,1011 ,1688356415078
4029934,150.0 ,1688356415763
4029934,93.8 ,1688356416446
4029934,531.2 ,1688356417128
4029934,2956 ,1688356417813
4029934,112.5 ,1688356418509
4029934,487.5 ,1688356419190
4029934,2567 ,1688356419902
4029934,1881 ,1688356420588
4029934,200.0 ,1688356421285
4029934,462.5 ,1688356421973
4029934,256.2 ,1688356422653
4029934,100.0 ,1688356423338
4029934,3200 ,1688356424058
4029934,1371 ,1688356424772
4029934,106.2 ,1688356425472
4029934,1465 ,1688356426194
4029934,1481 ,1688356426870
4029934,166.7 ,1688356427578
4029934,418.8 ,1688356428255
4029934,2453 ,1688356428966
4029934,1244 ,1688356429652
4029934,181.2 ,1688356430335
4029934,852.9 ,1688356431042
4029934,206.2 ,1688356431725
4029934,188.2 ,1688356432415
4029934,576.5 ,1688356433126
4029934,2512 ,1688356433803
4029934,105.9 ,1688356434500
4029934,550.0 ,1688356435187
4029934,106.2 ,1688356435872
4029934,2947 ,1688356436554
4029934,556.2 ,1688356437262
4029934,717.6 ,1688356437986
4029934,306.2 ,1688356438663
4029934,206.2 ,1688356439348
4029934,2169 ,1688356440033
4029934,168.8 ,1688356440754
4029934,668.4 ,1688356441442
4029934,131.2 ,1688356442136
4029934,2806 ,1688356442846
4029934,262.5 ,1688356443535
4029934,193.8 ,1688356444214
4029934,473.3 ,1688356444897
4029934,194.1 ,1688356445574
4029934,106.2 ,1688356446260
4029934,2872 ,1688356446974
4029934,187.5 ,1688356447669
4029934,556.2 ,1688356448351
4029934,3200 ,1688356449052
4029934,282.4 ,1688356449745
4029934,100.0 ,1688356450428
4029934,2811 ,1688356451142
4029934,300.0 ,1688356451847
4029934,206.2 ,1688356452539
4029934,3062 ,1688356453219
4029934,175.0 ,1688356453921
4029934,206.2 ,1688356454602
4029934,193.8 ,1688356455289
4029934,1356 ,1688356455973
4029934,1719 ,1688356456653
4029934,1529 ,1688356457333
4029934,1650 ,1688356458019
4029934,1462 ,1688356458702
4029934,1412 ,1688356459390
4029934,1344 ,1688356460080
4029934,1338 ,1688356460770
4029934,1176 ,1688356461455
4029934,1681 ,1688356462142
4029934,1350 ,1688356462826
4029934,1881 ,1688356463509
4029934,1375 ,1688356464191
4029934,1394 ,1688356464894
4029934,1406 ,1688356465577
4029934,1500 ,1688356466260
4029934,1494 ,1688356466939
4029934,1519 ,1688356467616
4029934,1338 ,1688356468302
4029934,1481 ,1688356469005
4029934,1338 ,1688356469690
4029934,1206 ,1688356470385
4029934,1259 ,1688356471070
4029934,1281 ,1688356471764
4029934,1369 ,1688356472451
4029934,1588 ,1688356473129
4029934,1225 ,1688356473817
4029934,1265 ,1688356474502
4029934,1638 ,1688356475188
4029934,1631 ,1688356475867
4029934,1620 ,1688356476558
4029934,1288 ,1688356477233
4029934,1512 ,1688356477927
4029934,1406 ,1688356478613
4029934,1418 ,1688356479317
4029934,1731 ,1688356479978
4029934,1725 ,1688356480667
4029934,1806 ,1688356481349
4029934,1619 ,1688356482031
4029934,1288 ,1688356482714
4029934,1806 ,1688356483404
4029934,1575 ,1688356484103
4029934,1756 ,1688356484785
4029934,1782 ,1688356485475
4029934,1341 ,1688356486185
4029934,1750 ,1688356486855
4029934,1325 ,1688356487538
4029934,1365 ,1688356488224
4029934,1612 ,1688356488922
4029934,1444 ,1688356489610
4029934,1294 ,1688356490320
4029934,1631 ,1688356491003
4029934,1475 ,1688356491711
4029934,1556 ,1688356492378
4029934,1435 ,1688356493068
4029934,1212 ,1688356493754
4029934,1453 ,1688356494439
4029934,1425 ,1688356495127
4029934,1519 ,1688356495810
4029934,1506 ,1688356496491
4029934,1556 ,1688356497187
4029934,1688 ,1688356497876
4029934,1265 ,1688356498562
4029934,1524 ,1688356499252
4029934,1569 ,1688356499940
4029934,1235 ,1688356500631
4029934,1388 ,1688356501317
4029934,1519 ,1688356501998
4029934,1431 ,1688356502686
4029934,1638 ,1688356503385
4029934,1556 ,1688356504072
4029934,1488 ,1688356504754
4029934,1218 ,1688356505444
4029934,1265 ,1688356506123
4029934,1450 ,1688356506815
4029934,1344 ,1688356507500
4029934,1369 ,1688356508195
4029934,1575 ,1688356508882
4029934,1118 ,1688356509561
4029934,1475 ,1688356510254
4029934,1462 ,1688356510933
4029934,1412 ,1688356511629
4029934,1381 ,1688356512306
4029934,1488 ,1688356512994
4029934,1819 ,1688356513698
4029934,1556 ,1688356514378
4029934,1444 ,1688356515071
4029934,1294 ,1688356515763
4029934,1262 ,1688356516452
4029934,1300 ,1688356517127
4029934,1750 ,1688356517812
4029934,1819 ,1688356518500
4029934,1294 ,1688356519189
4029934,1306 ,1688356519880
4029934,1571 ,1688356520564
4029934,1544 ,1688356521249
4029934,1729 ,1688356521932
4029934,1244 ,1688356522629
4029934,1481 ,1688356523318
4029934,1506 ,1688356524003
4029934,1275 ,1688356524696
4029934,1676 ,1688356525382
4029934,1535 ,1688356526064
4029934,1475 ,1688356526747
4029934,1638 ,1688356527438
4029934,1600 ,1688356528127
4029934,1424 ,1688356528811
4029934,2088 ,1688356529487
4029934,1481 ,1688356530178
4029934,1450 ,1688356530851
4029934,1418 ,1688356531547
4029934,1500 ,1688356532227
4029934,1235 ,1688356532914
4029934,1640 ,1688356533596
4029934,1288 ,1688356534282
4029934,1744 ,1688356534962
4029934,1562 ,1688356535638
4029934,1538 ,1688356536331
4029934,1638 ,1688356537017
4029934,1288 ,1688356537704
4029934,1582 ,1688356538392
4029934,1269 ,1688356539077
4029934,1388 ,1688356539759
4029934,1271 ,1688356540445
4029934,1425 ,1688356541130
4029934,1375 ,1688356541814
4029934,1494 ,1688356542500
4029934,1369 ,1688356543193
4029934,1362 ,1688356543870
4029934,1612 ,1688356544562
4029934,1394 ,1688356545247
4029934,1450 ,1688356545932
4029934,1369 ,1688356546637
4029934,1644 ,1688356547316
4029934,1488 ,1688356547993
4029934,1788 ,1688356548689
4029934,1388 ,1688356549371
4029934,1182 ,1688356550055
4029934,1269 ,1688356550736
4029934,1462 ,1688356551415
4029934,1276 ,1688356552105
4029934,1481 ,1688356552805
4029934,1188 ,1688356553494
4029934,1329 ,1688356554183
4029934,1456 ,1688356554869
4029934,1519 ,1688356555552
4029934,1662 ,1688356556239
4029934,1562 ,1688356556926
4029934,1324 ,1688356557605
4029934,1312 ,1688356558286
4029934,1319 ,1688356558982
4029934,1456 ,1688356559651
4029934,1288 ,1688356560338
4029934,1147 ,1688356561026
4029934,1412 ,1688356561720
4029934,1788 ,1688356562399
4029934,1306 ,1688356563079
4029934,1344 ,1688356563764
4029934,1462 ,1688356564445
4029934,1400 ,1688356565130
4029934,1475 ,1688356565815
4029934,1512 ,1688356566505
4029934,1635 ,1688356567192
4029934,1318 ,1688356567885
4029934,1094 ,1688356568586
4029934,1350 ,1688356569269
4029934,1381 ,1688356569955
4029934,1765 ,1688356570641
4029934,1744 ,1688356571328
4029934,1419 ,1688356572027
4029934,1662 ,1688356572711
4029934,2006 ,1688356573395
4029934,1506 ,1688356574083
4029934,1538 ,1688356574761
4029934,1456 ,1688356575438
4029934,1438 ,1688356576122
4029934,1476 ,1688356576805
4029934,1275 ,1688356577497
4029934,1300 ,1688356578181
4029934,1356 ,1688356578868
4029934,1353 ,1688356579546
4029934,1725 ,1688356580223
4029934,1206 ,1688356580907
4029934,1375 ,1688356581589
4029934,1456 ,1688356582276
4029934,1331 ,1688356582966
4029934,1306 ,1688356583653
4029934,2056 ,1688356584340
4029934,1475 ,1688356585031
4029934,1412 ,1688356585711
4029934,1325 ,1688356586393
4029934,1424 ,1688356587075
4029934,1365 ,1688356587774
4029934,1469 ,1688356588451
4029934,1441 ,1688356589135
4029934,1406 ,1688356589822
4029934,1381 ,1688356590501
4029934,1381 ,1688356591186
4029934,1706 ,1688356591871
4029934,1694 ,1688356592560
4029934,1825 ,1688356593244
4029934,1459 ,1688356593919
4029934,1506 ,1688356594604
4029934,1725 ,1688356595290
4029934,1531 ,1688356595979
4029934,1825 ,1688356596660
4029934,1559 ,1688356597344
4029934,1538 ,1688356598030
4029934,1247 ,1688356598719
4029934,1341 ,1688356599422
4029934,1288 ,1688356600116
4029934,1688 ,1688356600797
4029934,1559 ,1688356601483
4029934,1406 ,1688356602176
4029934,1444 ,1688356602862
4029934,1465 ,1688356603549
4029934,1506 ,1688356604242
4029934,1762 ,1688356604936
4029934,1369 ,1688356605622
4029934,1629 ,1688356606305
4029934,1338 ,1688356606989
4029934,1325 ,1688356607669
4029934,1362 ,1688356608351
4029934,1559 ,1688356609033
4029934,1262 ,1688356609720
4029934,1306 ,1688356610432
4029934,1218 ,1688356611115
4029934,1535 ,1688356611805
4029934,1369 ,1688356612494
4029934,1325 ,1688356613171
4029934,1331 ,1688356613868
4029934,1344 ,1688356614560
4029934,1381 ,1688356615240
4029934,1462 ,1688356615925
4029934,1294 ,1688356616619
4029934,1806 ,1688356617302
4029934,1265 ,1688356617993
4029934,1281 ,1688356618674
4029934,1429 ,1688356619365
4029934,1406 ,1688356620048
4029934,1831 ,1688356620737
4029934,1538 ,1688356621412
4029934,1588 ,1688356622093
4029934,1350 ,1688356622784
4029934,1512 ,1688356623478
4029934,1531 ,1688356624155
4029934,1682 ,1688356624836
4029934,1353 ,1688356625515
4029934,1406 ,1688356626208
4029934,1431 ,1688356626892
4029934,1294 ,1688356627582
4029934,1612 ,1688356628269
4029934,1276 ,1688356628953
4029934,1394 ,1688356629647
4029934,1475 ,1688356630331
4029934,1638 ,1688356631015
4029934,1431 ,1688356631696
4029934,1550 ,1688356632384
4029934,1531 ,1688356633072
4029934,1481 ,1688356633753
4029934,1756 ,1688356634431
4029934,1700 ,1688356635121
4029934,1338 ,1688356635817
4029934,1312 ,1688356636511
4029934,1788 ,1688356637189
4029934,1588 ,1688356637877
4029934,1312 ,1688356638566
4029934,1469 ,1688356639262
4029934,1756 ,1688356639943
4029934,1288 ,1688356640633
4029934,1325 ,1688356641332
4029934,1888 ,1688356642011
4029934,1612 ,1688356642702
4029934,106.2 ,1688356643392
4029934,106.2 ,1688356644079
4029934,100.0 ,1688356644768
4029934,100.0 ,1688356645456
4029934,94.1 ,1688356646143
4029934,106.2 ,1688356646832
4029934,100.0 ,1688356647520
4029934,100.0 ,1688356648207
4029934,100.0 ,1688356648896
