2300792,94.4 ,1693213923850
2300792,7959 ,1693213924558
2300792,7524 ,1693213925292
2300792,506.2 ,1693213925993
2300792,194.1 ,1693213926705
2300792,206.2 ,1693213927404
2300792,188.2 ,1693213928101
2300792,194.1 ,1693213928799
2300792,200.0 ,1693213929495
2300792,188.2 ,1693213930190
2300792,212.5 ,1693213930884
2300792,200.0 ,1693213931579
2300792,212.5 ,1693213932275
2300792,194.1 ,1693213932971
2300792,205.9 ,1693213933666
2300792,200.0 ,1693213934367
2300792,194.1 ,1693213935058
2300792,194.1 ,1693213935750
2300792,194.1 ,1693213936451
2300792,218.8 ,1693213937143
2300792,212.5 ,1693213937843
2300792,212.5 ,1693213938544
2300792,206.2 ,1693213939243
2300792,212.5 ,1693213939942
2300792,194.1 ,1693213940641
2300792,200.0 ,1693213941342
2300792,100.0 ,1693213942044
2300792,1094 ,1693213942742
2300792,968.8 ,1693213943442
2300792,1159 ,1693213944143
2300792,905.9 ,1693213944854
2300792,635.3 ,1693213945560
2300792,1165 ,1693213946259
2300792,952.9 ,1693213946963
2300792,1047 ,1693213947669
2300792,1324 ,1693213948372
2300792,1518 ,1693213949078
2300792,1118 ,1693213949782
2300792,1276 ,1693213950487
2300792,1324 ,1693213951191
2300792,1335 ,1693213951896
2300792,1535 ,1693213952601
2300792,105.9 ,1693213953306
2300792,200.0 ,1693213954019
2300792,200.0 ,1693213954726
2300792,206.2 ,1693213955433
2300792,194.1 ,1693213956136
2300792,194.1 ,1693213956841
2300792,200.0 ,1693213957545
2300792,183.3 ,1693213958249
2300792,194.1 ,1693213958957
2300792,194.1 ,1693213959661
2300792,200.0 ,1693213960362
2300792,200.0 ,1693213961059
2300792,194.1 ,1693213961760
2300792,194.1 ,1693213962458
2300792,194.1 ,1693213963155
2300792,105.9 ,1693213963857
2300792,988.2 ,1693213964563
2300792,711.8 ,1693213965267
2300792,623.5 ,1693213965971
2300792,747.1 ,1693213966671
2300792,687.5 ,1693213967372
2300792,1319 ,1693213968073
2300792,952.9 ,1693213968777
2300792,652.9 ,1693213969480
2300792,488.2 ,1693213970183
2300792,752.9 ,1693213970889
2300792,605.9 ,1693213971597
2300792,543.8 ,1693213972302
2300792,452.9 ,1693213973005
2300792,543.8 ,1693213973713
2300792,564.7 ,1693213974417
2300792,676.5 ,1693213975121
2300792,105.9 ,1693213975825
2300792,105.9 ,1693213976530
2300792,105.9 ,1693213977233
2300792,100.0 ,1693213977938
2300792,105.9 ,1693213978645
2300792,100.0 ,1693213979349
2300792,105.9 ,1693213980051
2300792,94.1 ,1693213980751
2300792,100.0 ,1693213981450
2300792,94.1 ,1693213982150
2300792,105.9 ,1693213982851
2300792,94.1 ,1693213983551
2300792,100.0 ,1693213984251
2300792,106.2 ,1693213984954
2300792,100.0 ,1693213985651
2300792,94.1 ,1693213986350
2300792,100.0 ,1693213987050
2300792,100.0 ,1693213987747
2300792,94.1 ,1693213988447
2300792,100.0 ,1693213989146
2300792,100.0 ,1693213989847
2300792,94.1 ,1693213990546
2300792,106.2 ,1693213991245
2300792,105.9 ,1693213991946
2300792,100.0 ,1693213992647
2300792,105.9 ,1693213993344
2300792,100.0 ,1693213994046
2300792,100.0 ,1693213994746
2300792,106.2 ,1693213995444
2300792,106.2 ,1693213996143
2300792,106.2 ,1693213996843
2300792,106.2 ,1693213997544
2300792,106.2 ,1693213998243
2300792,106.2 ,1693213998943
2300792,100.0 ,1693213999642
2300792,100.0 ,1693214000342
2300792,106.2 ,1693214001042
2300792,106.2 ,1693214001743
2300792,105.9 ,1693214002441
2300792,100.0 ,1693214003139
2300792,106.2 ,1693214003842
2300792,106.2 ,1693214004543
2300792,106.2 ,1693214005243
2300792,106.2 ,1693214005943
2300792,100.0 ,1693214006642
2300792,100.0 ,1693214007341
2300792,100.0 ,1693214008038
2300792,100.0 ,1693214008736
2300792,94.1 ,1693214009439
2300792,100.0 ,1693214010138
2300792,94.1 ,1693214010839
2300792,105.9 ,1693214011538
2300792,105.9 ,1693214012242
2300792,94.4 ,1693214012942
2300792,100.0 ,1693214013646
2300792,100.0 ,1693214014347
2300792,100.0 ,1693214015047
2300792,100.0 ,1693214015750
2300792,106.2 ,1693214016454
2300792,106.2 ,1693214017152
2300792,100.0 ,1693214017854
2300792,100.0 ,1693214018555
2300792,105.9 ,1693214019255
2300792,94.1 ,1693214019962
2300792,100.0 ,1693214020665
2300792,100.0 ,1693214021367
2300792,94.1 ,1693214022067
2300792,100.0 ,1693214022766
2300792,100.0 ,1693214023467
2300792,100.0 ,1693214024166
2300792,100.0 ,1693214024861
2300792,105.9 ,1693214025561
2300792,100.0 ,1693214026259
2300792,106.2 ,1693214026963
2300792,106.2 ,1693214027662
2300792,112.5 ,1693214028363
2300792,100.0 ,1693214029064
2300792,100.0 ,1693214029766
2300792,100.0 ,1693214030467
2300792,105.9 ,1693214031168
2300792,100.0 ,1693214031869
2300792,100.0 ,1693214032568
2300792,100.0 ,1693214033270
2300792,100.0 ,1693214033971
2300792,105.9 ,1693214034674
2300792,100.0 ,1693214035374
2300792,100.0 ,1693214036074
2300792,112.5 ,1693214036775
2300792,100.0 ,1693214037474
2300792,105.9 ,1693214038179
2300792,94.4 ,1693214038881
2300792,106.2 ,1693214039586
2300792,100.0 ,1693214040286
2300792,100.0 ,1693214040988
2300792,100.0 ,1693214041691
2300792,100.0 ,1693214042395
2300792,100.0 ,1693214043099
2300792,105.9 ,1693214043798
2300792,100.0 ,1693214044499
2300792,100.0 ,1693214045202
2300792,106.2 ,1693214045905
2300792,100.0 ,1693214046602
2300792,100.0 ,1693214047304
2300792,106.2 ,1693214048002
2300792,106.2 ,1693214048703
2300792,100.0 ,1693214049402
2300792,100.0 ,1693214050103
2300792,106.2 ,1693214050806
2300792,100.0 ,1693214051503
2300792,106.2 ,1693214052206
2300792,106.2 ,1693214052905
2300792,100.0 ,1693214053604
2300792,100.0 ,1693214054305
2300792,100.0 ,1693214055007
2300792,100.0 ,1693214055709
2300792,100.0 ,1693214056407
2300792,94.1 ,1693214057110
2300792,100.0 ,1693214057815
2300792,100.0 ,1693214058518
2300792,100.0 ,1693214059219
2300792,100.0 ,1693214059918
2300792,100.0 ,1693214060618
2300792,100.0 ,1693214061319
2300792,100.0 ,1693214062018
2300792,100.0 ,1693214062718
2300792,100.0 ,1693214063418
2300792,100.0 ,1693214064118
2300792,100.0 ,1693214064818
2300792,106.2 ,1693214065523
2300792,106.2 ,1693214066222
2300792,94.1 ,1693214066923
2300792,106.2 ,1693214067623
2300792,106.2 ,1693214068322
2300792,106.2 ,1693214069022
2300792,100.0 ,1693214069722
2300792,100.0 ,1693214070427
2300792,100.0 ,1693214071126
2300792,100.0 ,1693214071831
2300792,100.0 ,1693214072530
2300792,94.1 ,1693214073231
2300792,100.0 ,1693214073931
2300792,100.0 ,1693214074635
2300792,94.1 ,1693214075339
2300792,106.2 ,1693214076042
2300792,100.0 ,1693214076743
2300792,100.0 ,1693214077447
2300792,100.0 ,1693214078146
2300792,100.0 ,1693214078846
2300792,100.0 ,1693214079546
2300792,105.9 ,1693214080250
2300792,105.9 ,1693214080957
2300792,100.0 ,1693214081655
2300792,294.1 ,1693214082355
2300792,100.0 ,1693214083059
2300792,100.0 ,1693214083765
2300792,3953 ,1693214084469
2300792,105.9 ,1693214085172
2300792,3447 ,1693214085877
2300792,4083 ,1693214086595
2300792,141.2 ,1693214087328
2300792,905.9 ,1693214088030
2300792,576.5 ,1693214088730
2300792,1725 ,1693214089432
2300792,100.0 ,1693214090131
2300792,311.8 ,1693214090835
2300792,900.0 ,1693214091535
2300792,1141 ,1693214092234
2300792,4047 ,1693214092935
2300792,3776 ,1693214093641
2300792,100.0 ,1693214094338
2300792,270.6 ,1693214095039
2300792,947.1 ,1693214095738
2300792,864.7 ,1693214096438
2300792,1600 ,1693214097138
2300792,382.4 ,1693214097839
2300792,1022 ,1693214098540
2300792,3469 ,1693214099246
2300792,3953 ,1693214099946
2300792,2682 ,1693214100649
2300792,100.0 ,1693214101347
2300792,100.0 ,1693214102046
2300792,888.2 ,1693214102747
2300792,4041 ,1693214103446
2300792,464.7 ,1693214104147
2300792,194.1 ,1693214104849
2300792,3071 ,1693214105547
2300792,323.5 ,1693214106247
2300792,888.2 ,1693214106946
2300792,1247 ,1693214107646
2300792,4041 ,1693214108347
2300792,3447 ,1693214109047
2300792,337.5 ,1693214109753
2300792,3953 ,1693214110455
2300792,1306 ,1693214111155
2300792,105.9 ,1693214111857
2300792,282.4 ,1693214112558
2300792,958.8 ,1693214113259
2300792,911.8 ,1693214113965
2300792,1794 ,1693214114666
2300792,2935 ,1693214115366
2300792,100.0 ,1693214116071
2300792,1153 ,1693214116771
2300792,100.0 ,1693214117471
2300792,3171 ,1693214118171
2300792,3722 ,1693214118871
2300792,794.1 ,1693214119584
2300792,270.6 ,1693214120287
2300792,1188 ,1693214120986
2300792,3041 ,1693214121690
2300792,641.2 ,1693214122391
2300792,100.0 ,1693214123091
2300792,682.4 ,1693214123790
2300792,4041 ,1693214124490
2300792,223.5 ,1693214125191
2300792,3659 ,1693214125890
2300792,94.1 ,1693214126591
2300792,270.6 ,1693214127294
2300792,1100 ,1693214127995
2300792,4300 ,1693214128694
2300792,3506 ,1693214129392
2300792,341.2 ,1693214130091
2300792,1065 ,1693214130795
2300792,2818 ,1693214131499
2300792,1682 ,1693214132198
2300792,106.2 ,1693214132902
2300792,276.5 ,1693214133603
2300792,1071 ,1693214134306
2300792,2547 ,1693214135007
2300792,288.2 ,1693214135710
2300792,1118 ,1693214136415
2300792,358.8 ,1693214137114
2300792,952.9 ,1693214137819
2300792,1371 ,1693214138523
2300792,682.4 ,1693214139231
2300792,1065 ,1693214139935
2300792,3694 ,1693214140642
2300792,323.5 ,1693214141344
2300792,1200 ,1693214142045
2300792,331.2 ,1693214142742
2300792,1375 ,1693214143443
2300792,368.8 ,1693214144142
2300792,887.5 ,1693214144844
2300792,1238 ,1693214145546
2300792,450.0 ,1693214146246
2300792,3947 ,1693214146947
2300792,2788 ,1693214147646
2300792,417.6 ,1693214148346
2300792,1782 ,1693214149047
2300792,352.9 ,1693214149746
2300792,2741 ,1693214150446
2300792,3182 ,1693214151147
2300792,241.2 ,1693214151863
2300792,2188 ,1693214152566
2300792,100.0 ,1693214153271
2300792,923.5 ,1693214153971
2300792,4041 ,1693214154671
2300792,264.7 ,1693214155371
2300792,1235 ,1693214156070
2300792,1582 ,1693214156771
2300792,3953 ,1693214157470
2300792,4041 ,1693214158170
2300792,3224 ,1693214158871
2300792,1535 ,1693214159571
2300792,458.8 ,1693214160271
2300792,358.8 ,1693214160970
2300792,2388 ,1693214161675
2300792,3947 ,1693214162379
2300792,1153 ,1693214163079
2300792,458.8 ,1693214163783
2300792,658.8 ,1693214164485
2300792,305.9 ,1693214165191
2300792,1059 ,1693214165895
2300792,3947 ,1693214166594
2300792,341.2 ,1693214167294
2300792,1181 ,1693214167995
2300792,3606 ,1693214168694
2300792,1529 ,1693214169395
2300792,105.9 ,1693214170095
2300792,3935 ,1693214170796
2300792,4194 ,1693214171495
2300792,100.0 ,1693214172194
2300792,3676 ,1693214172897
2300792,4047 ,1693214173607
2300792,200.0 ,1693214174310
2300792,4029 ,1693214175010
2300792,217.6 ,1693214175711
2300792,3376 ,1693214176415
2300792,4082 ,1693214177114
2300792,3947 ,1693214177819
2300792,3824 ,1693214178523
2300792,1000 ,1693214179226
2300792,94.1 ,1693214179927
2300792,1112 ,1693214180630
2300792,300.0 ,1693214181334
2300792,1100 ,1693214182038
2300792,3029 ,1693214182739
2300792,306.2 ,1693214183442
2300792,847.1 ,1693214184142
2300792,1565 ,1693214184847
2300792,4041 ,1693214185547
2300792,4041 ,1693214186247
2300792,117.6 ,1693214186948
2300792,1694 ,1693214187645
2300792,382.4 ,1693214188346
2300792,741.2 ,1693214189047
2300792,1033 ,1693214189750
2300792,4047 ,1693214190455
2300792,170.6 ,1693214191159
2300792,2325 ,1693214191863
2300792,100.0 ,1693214192562
2300792,817.6 ,1693214193268
2300792,941.2 ,1693214193969
2300792,100.0 ,1693214194667
2300792,252.9 ,1693214195371
2300792,1118 ,1693214196075
2300792,3241 ,1693214196779
2300792,1306 ,1693214197478
2300792,264.7 ,1693214198177
2300792,3712 ,1693214198877
2300792,237.5 ,1693214199574
2300792,2053 ,1693214200273
2300792,276.5 ,1693214200975
2300792,252.9 ,1693214201675
2300792,623.5 ,1693214202375
2300792,770.6 ,1693214203078
2300792,772.2 ,1693214203779
2300792,1288 ,1693214204486
2300792,100.0 ,1693214205186
2300792,311.8 ,1693214205886
2300792,1041 ,1693214206587
2300792,3371 ,1693214207288
2300792,1153 ,1693214207990
2300792,100.0 ,1693214208694
2300792,94.1 ,1693214209398
2300792,358.8 ,1693214210097
2300792,1675 ,1693214210802
2300792,2706 ,1693214211502
2300792,4300 ,1693214212202
2300792,362.5 ,1693214212904
2300792,812.5 ,1693214213603
2300792,887.5 ,1693214214303
2300792,1359 ,1693214215003
2300792,3012 ,1693214215706
2300792,4018 ,1693214216406
2300792,100.0 ,1693214217110
2300792,3494 ,1693214217810
2300792,287.5 ,1693214218513
2300792,870.6 ,1693214219213
2300792,100.0 ,1693214219919
2300792,358.8 ,1693214220620
2300792,964.7 ,1693214221321
2300792,2112 ,1693214222023
2300792,329.4 ,1693214222723
2300792,1044 ,1693214223424
2300792,3838 ,1693214224123
2300792,162.5 ,1693214224823
2300792,2276 ,1693214225522
2300792,525.0 ,1693214226222
2300792,2894 ,1693214226922
2300792,476.5 ,1693214227622
2300792,382.4 ,1693214228327
2300792,3953 ,1693214229023
2300792,100.0 ,1693214229727
2300792,2559 ,1693214230426
2300792,4047 ,1693214231131
2300792,106.2 ,1693214231832
2300792,3947 ,1693214232531
2300792,94.1 ,1693214233230
2300792,1161 ,1693214233935
2300792,341.2 ,1693214234647
2300792,977.8 ,1693214235349
2300792,1682 ,1693214236059
2300792,2471 ,1693214236760
2300792,100.0 ,1693214237459
2300792,258.8 ,1693214238160
2300792,941.2 ,1693214238859
2300792,4047 ,1693214239558
2300792,3718 ,1693214240262
2300792,175.0 ,1693214240963
2300792,1712 ,1693214241662
2300792,358.8 ,1693214242364
2300792,1362 ,1693214243063
2300792,1982 ,1693214243763
2300792,835.3 ,1693214244466
2300792,431.2 ,1693214245165
2300792,3947 ,1693214245864
2300792,188.2 ,1693214246565
2300792,3953 ,1693214247267
2300792,4200 ,1693214247965
2300792,2847 ,1693214248665
2300792,1535 ,1693214249367
2300792,100.0 ,1693214250067
2300792,200.0 ,1693214250771
2300792,4135 ,1693214251470
2300792,400.0 ,1693214252176
2300792,864.7 ,1693214252878
2300792,635.3 ,1693214253579
2300792,368.8 ,1693214254283
2300792,1219 ,1693214254982
2300792,3653 ,1693214255678
2300792,200.0 ,1693214256378
2300792,1588 ,1693214257078
2300792,3335 ,1693214257779
2300792,276.5 ,1693214258479
2300792,693.8 ,1693214259183
2300792,905.9 ,1693214259883
2300792,1506 ,1693214260586
2300792,1565 ,1693214261287
2300792,2129 ,1693214261987
2300792,3741 ,1693214262690
2300792,2247 ,1693214263391
2300792,123.5 ,1693214264094
2300792,922.2 ,1693214264799
2300792,1471 ,1693214265506
2300792,2759 ,1693214266206
2300792,100.0 ,1693214266907
2300792,1647 ,1693214267608
2300792,100.0 ,1693214268307
2300792,4294 ,1693214269005
2300792,258.8 ,1693214269707
2300792,864.7 ,1693214270406
2300792,941.2 ,1693214271108
2300792,276.5 ,1693214271810
2300792,1153 ,1693214272515
2300792,429.4 ,1693214273218
2300792,252.9 ,1693214273917
2300792,411.8 ,1693214274618
2300792,688.2 ,1693214275317
2300792,788.2 ,1693214276016
2300792,94.1 ,1693214276719
2300792,537.5 ,1693214277422
2300792,2838 ,1693214278122
2300792,3975 ,1693214278822
2300792,100.0 ,1693214279523
2300792,4200 ,1693214280225
2300792,2219 ,1693214280923
2300792,106.2 ,1693214281622
2300792,505.9 ,1693214282323
2300792,382.4 ,1693214283026
2300792,994.1 ,1693214283731
2300792,3094 ,1693214284429
2300792,3776 ,1693214285128
2300792,94.1 ,1693214285827
2300792,1365 ,1693214286526
2300792,335.3 ,1693214287226
2300792,400.0 ,1693214287926
2300792,929.4 ,1693214288627
2300792,2324 ,1693214289327
2300792,2600 ,1693214290026
2300792,4041 ,1693214290727
2300792,94.1 ,1693214291427
2300792,241.2 ,1693214292126
2300792,1069 ,1693214292825
2300792,100.0 ,1693214293524
2300792,2644 ,1693214294230
2300792,100.0 ,1693214294940
2300792,3306 ,1693214295645
2300792,3324 ,1693214296346
2300792,282.4 ,1693214297048
2300792,1588 ,1693214297752
2300792,770.6 ,1693214298455
2300792,905.9 ,1693214299160
2300792,311.8 ,1693214299859
2300792,2688 ,1693214300559
2300792,3953 ,1693214301258
2300792,3729 ,1693214301958
2300792,217.6 ,1693214302663
2300792,3512 ,1693214303366
2300792,394.1 ,1693214304071
2300792,270.6 ,1693214304770
2300792,282.4 ,1693214305471
2300792,1224 ,1693214306172
2300792,258.8 ,1693214306875
2300792,1082 ,1693214307578
2300792,106.2 ,1693214308284
2300792,535.3 ,1693214308986
2300792,3947 ,1693214309690
2300792,3953 ,1693214310390
2300792,2935 ,1693214311090
2300792,275.0 ,1693214311792
2300792,1082 ,1693214312495
2300792,3953 ,1693214313195
2300792,252.9 ,1693214313900
2300792,788.2 ,1693214314596
2300792,982.4 ,1693214315298
2300792,1075 ,1693214316003
2300792,1944 ,1693214316702
2300792,400.0 ,1693214317407
2300792,2647 ,1693214318110
2300792,264.7 ,1693214318810
2300792,3135 ,1693214319511
2300792,3776 ,1693214320211
2300792,105.9 ,1693214320910
2300792,2047 ,1693214321611
2300792,317.6 ,1693214322312
2300792,305.9 ,1693214323011
2300792,1065 ,1693214323715
2300792,105.9 ,1693214324414
2300792,468.8 ,1693214325116
2300792,3741 ,1693214325815
2300792,4200 ,1693214326514
2300792,3800 ,1693214327215
2300792,3024 ,1693214327915
2300792,181.2 ,1693214328622
2300792,4294 ,1693214329323
2300792,4194 ,1693214330023
2300792,1953 ,1693214330723
2300792,117.6 ,1693214331424
2300792,3506 ,1693214332125
2300792,287.5 ,1693214332823
2300792,1194 ,1693214333522
2300792,3947 ,1693214334224
2300792,2771 ,1693214334927
2300792,94.1 ,1693214335629
2300792,227.8 ,1693214336322
2300792,458.8 ,1693214337026
2300792,200.0 ,1693214337726
2300792,3524 ,1693214338426
2300792,176.5 ,1693214339126
2300792,3329 ,1693214339827
2300792,100.0 ,1693214340531
2300792,1524 ,1693214341235
2300792,3200 ,1693214341935
2300792,287.5 ,1693214342633
2300792,788.2 ,1693214343335
2300792,1122 ,1693214344038
2300792,3953 ,1693214344746
2300792,368.8 ,1693214345446
2300792,806.2 ,1693214346144
2300792,1738 ,1693214346843
2300792,4294 ,1693214347543
2300792,3569 ,1693214348243
2300792,2106 ,1693214348943
2300792,256.2 ,1693214349643
2300792,3906 ,1693214350343
2300792,4294 ,1693214351061
2300792,268.8 ,1693214351763
2300792,758.8 ,1693214352462
2300792,100.0 ,1693214353167
2300792,105.9 ,1693214353868
2300792,411.8 ,1693214354566
2300792,4041 ,1693214355268
2300792,2912 ,1693214355968
2300792,182.4 ,1693214356666
2300792,652.9 ,1693214357366
2300792,4047 ,1693214358066
2300792,141.2 ,1693214358767
2300792,2900 ,1693214359467
2300792,829.4 ,1693214360170
2300792,94.1 ,1693214360870
2300792,300.0 ,1693214361569
2300792,917.6 ,1693214362271
2300792,4041 ,1693214362975
2300792,2153 ,1693214363675
2300792,447.1 ,1693214364375
2300792,3924 ,1693214365075
2300792,111.8 ,1693214365787
2300792,2528 ,1693214366487
2300792,100.0 ,1693214367199
2300792,106.2 ,1693214367893
2300792,247.1 ,1693214368590
2300792,435.3 ,1693214369291
2300792,1041 ,1693214369991
2300792,164.7 ,1693214370691
2300792,552.9 ,1693214371384
2300792,3971 ,1693214372087
2300792,252.9 ,1693214372787
2300792,823.5 ,1693214373491
2300792,800.0 ,1693214374192
2300792,1088 ,1693214374894
2300792,4047 ,1693214375595
2300792,288.2 ,1693214376308
2300792,905.9 ,1693214377009
2300792,1175 ,1693214377713
2300792,3682 ,1693214378411
2300792,300.0 ,1693214379111
2300792,856.2 ,1693214379812
2300792,764.7 ,1693214380511
2300792,805.9 ,1693214381210
2300792,805.9 ,1693214381908
2300792,1653 ,1693214382607
2300792,2865 ,1693214383306
2300792,3488 ,1693214384010
2300792,117.6 ,1693214384704
2300792,3129 ,1693214385407
2300792,405.9 ,1693214386107
2300792,1018 ,1693214386808
2300792,1312 ,1693214387510
2300792,329.4 ,1693214388209
2300792,4041 ,1693214388907
2300792,4241 ,1693214389610
2300792,3565 ,1693214390319
2300792,1800 ,1693214391019
2300792,417.6 ,1693214391719
2300792,4194 ,1693214392423
2300792,3947 ,1693214393122
2300792,3722 ,1693214393826
2300792,3924 ,1693214394537
2300792,3994 ,1693214395236
2300792,268.8 ,1693214395964
2300792,968.8 ,1693214396663
2300792,4235 ,1693214397361
2300792,3953 ,1693214398071
2300792,105.9 ,1693214398775
2300792,3641 ,1693214399478
2300792,100.0 ,1693214400182
2300792,1862 ,1693214400883
2300792,2735 ,1693214401584
2300792,100.0 ,1693214402287
2300792,533.3 ,1693214402990
2300792,3947 ,1693214403696
2300792,100.0 ,1693214404399
2300792,1059 ,1693214405103
2300792,729.4 ,1693214405807
2300792,247.1 ,1693214406510
2300792,864.7 ,1693214407206
2300792,776.5 ,1693214407907
2300792,300.0 ,1693214408607
2300792,629.4 ,1693214409317
2300792,876.5 ,1693214410019
2300792,2075 ,1693214410724
2300792,270.6 ,1693214411433
2300792,888.2 ,1693214412138
2300792,888.2 ,1693214412840
2300792,3776 ,1693214413543
2300792,3218 ,1693214414246
2300792,2012 ,1693214414947
2300792,1682 ,1693214415647
2300792,800.0 ,1693214416350
2300792,347.1 ,1693214417051
2300792,988.2 ,1693214417751
2300792,2844 ,1693214418452
2300792,3218 ,1693214419155
2300792,3835 ,1693214419856
2300792,1994 ,1693214420559
2300792,100.0 ,1693214421258
2300792,2659 ,1693214421959
2300792,376.5 ,1693214422663
2300792,647.1 ,1693214423366
2300792,241.2 ,1693214424068
2300792,652.9 ,1693214424770
2300792,1082 ,1693214425470
2300792,3947 ,1693214426170
2300792,3194 ,1693214426870
2300792,352.9 ,1693214427571
2300792,4041 ,1693214428274
2300792,3635 ,1693214428979
2300792,3400 ,1693214429693
2300792,100.0 ,1693214430393
2300792,983.3 ,1693214431098
2300792,1747 ,1693214431807
2300792,3429 ,1693214432506
2300792,4041 ,1693214433207
2300792,158.8 ,1693214433907
2300792,3953 ,1693214434606
2300792,2065 ,1693214435306
2300792,200.0 ,1693214436007
2300792,4135 ,1693214436709
2300792,3382 ,1693214437417
2300792,94.1 ,1693214438120
2300792,1759 ,1693214438820
2300792,4175 ,1693214439522
2300792,4131 ,1693214440223
2300792,2131 ,1693214440924
2300792,212.5 ,1693214441623
2300792,327.8 ,1693214442322
2300792,111.8 ,1693214443025
2300792,1559 ,1693214443731
2300792,100.0 ,1693214444430
2300792,252.9 ,1693214445136
2300792,576.5 ,1693214445840
2300792,1088 ,1693214446543
2300792,3550 ,1693214447243
2300792,1128 ,1693214447942
2300792,258.8 ,1693214448646
2300792,805.9 ,1693214449346
2300792,211.8 ,1693214450051
2300792,976.5 ,1693214450756
2300792,2853 ,1693214451463
2300792,4041 ,1693214452167
2300792,4047 ,1693214452868
2300792,300.0 ,1693214453568
2300792,658.8 ,1693214454273
2300792,538.9 ,1693214454981
2300792,100.0 ,1693214455691
2300792,2206 ,1693214456391
2300792,2924 ,1693214457091
2300792,1041 ,1693214457791
2300792,94.1 ,1693214458491
2300792,300.0 ,1693214459195
2300792,3953 ,1693214459895
2300792,182.4 ,1693214460600
2300792,3069 ,1693214461303
2300792,181.2 ,1693214462002
2300792,4106 ,1693214462706
2300792,3182 ,1693214463415
2300792,94.1 ,1693214464115
2300792,100.0 ,1693214464815
2300792,256.2 ,1693214465514
2300792,288.2 ,1693214466214
2300792,929.4 ,1693214466915
2300792,1935 ,1693214467614
2300792,94.1 ,1693214468314
2300792,2665 ,1693214469014
2300792,3876 ,1693214469714
2300792,4041 ,1693214470415
2300792,2925 ,1693214471124
2300792,1444 ,1693214471822
2300792,94.1 ,1693214472522
2300792,347.1 ,1693214473218
2300792,2441 ,1693214473918
2300792,1594 ,1693214474618
2300792,1100 ,1693214475318
2300792,100.0 ,1693214476023
2300792,300.0 ,1693214476722
2300792,4200 ,1693214477423
2300792,3265 ,1693214478123
2300792,94.1 ,1693214478827
2300792,105.9 ,1693214479530
2300792,305.9 ,1693214480227
2300792,858.8 ,1693214480926
2300792,717.6 ,1693214481626
2300792,900.0 ,1693214482327
2300792,717.6 ,1693214483036
2300792,341.2 ,1693214483742
2300792,988.2 ,1693214484438
2300792,658.8 ,1693214485139
2300792,911.8 ,1693214485840
2300792,105.9 ,1693214486540
2300792,241.2 ,1693214487238
2300792,735.3 ,1693214487938
2300792,3744 ,1693214488642
2300792,143.8 ,1693214489342
2300792,1094 ,1693214490043
2300792,170.6 ,1693214490742
2300792,2575 ,1693214491442
2300792,117.6 ,1693214492143
2300792,3018 ,1693214492846
2300792,3953 ,1693214493546
2300792,335.3 ,1693214494246
2300792,817.6 ,1693214494947
2300792,847.1 ,1693214495646
2300792,682.4 ,1693214496349
2300792,925.0 ,1693214497055
2300792,106.2 ,1693214497753
2300792,100.0 ,1693214498454
2300792,270.6 ,1693214499157
2300792,317.6 ,1693214499855
2300792,1153 ,1693214500554
2300792,94.1 ,1693214501259
2300792,581.2 ,1693214501962
2300792,4194 ,1693214502663
2300792,135.3 ,1693214503362
2300792,1547 ,1693214504061
2300792,276.5 ,1693214504763
2300792,735.3 ,1693214505467
2300792,2765 ,1693214506169
2300792,4053 ,1693214506868
2300792,112.5 ,1693214507572
2300792,741.2 ,1693214508274
2300792,4047 ,1693214508979
2300792,100.0 ,1693214509679
2300792,888.9 ,1693214510379
2300792,1406 ,1693214511087
2300792,3947 ,1693214511791
2300792,94.1 ,1693214512494
2300792,252.9 ,1693214513198
2300792,300.0 ,1693214513899
2300792,2359 ,1693214514598
2300792,105.9 ,1693214515299
2300792,200.0 ,1693214516001
2300792,200.0 ,1693214516702
2300792,212.5 ,1693214517403
2300792,212.5 ,1693214518104
2300792,1482 ,1693214518804
2300792,288.2 ,1693214519509
2300792,1512 ,1693214520209
2300792,1494 ,1693214520914
2300792,1247 ,1693214521614
2300792,1418 ,1693214522314
2300792,1247 ,1693214523015
2300792,1335 ,1693214523714
2300792,1488 ,1693214524418
2300792,282.4 ,1693214525118
2300792,570.6 ,1693214525819
2300792,1453 ,1693214526520
2300792,282.4 ,1693214527223
2300792,1424 ,1693214527928
2300792,250.0 ,1693214528632
2300792,1606 ,1693214529332
2300792,1312 ,1693214530031
2300792,1262 ,1693214530734
2300792,276.5 ,1693214531435
2300792,282.4 ,1693214532135
2300792,1418 ,1693214532838
2300792,270.6 ,1693214533540
2300792,758.8 ,1693214534239
2300792,1582 ,1693214534939
2300792,1378 ,1693214535642
2300792,293.8 ,1693214536343
2300792,282.4 ,1693214537042
2300792,1335 ,1693214537745
2300792,2465 ,1693214538452
2300792,1306 ,1693214539155
2300792,435.3 ,1693214539856
2300792,417.6 ,1693214540555
2300792,305.9 ,1693214541260
2300792,1582 ,1693214541960
2300792,952.9 ,1693214542658
2300792,1506 ,1693214543362
2300792,270.6 ,1693214544067
2300792,1424 ,1693214544771
2300792,1529 ,1693214545471
2300792,652.9 ,1693214546170
2300792,1529 ,1693214546870
2300792,1412 ,1693214547570
2300792,425.0 ,1693214548273
2300792,300.0 ,1693214548972
2300792,247.1 ,1693214549671
2300792,1265 ,1693214550373
2300792,552.9 ,1693214551077
2300792,611.1 ,1693214551781
2300792,1218 ,1693214552488
2300792,1512 ,1693214553186
2300792,611.8 ,1693214553887
2300792,1133 ,1693214554592
2300792,888.2 ,1693214555297
2300792,582.4 ,1693214555995
2300792,588.2 ,1693214556697
2300792,1400 ,1693214557404
2300792,1362 ,1693214558104
2300792,1400 ,1693214558804
2300792,1294 ,1693214559503
2300792,288.2 ,1693214560203
2300792,1059 ,1693214560907
2300792,1344 ,1693214561605
2300792,964.7 ,1693214562303
2300792,1124 ,1693214563006
2300792,300.0 ,1693214563712
2300792,731.2 ,1693214564412
2300792,776.5 ,1693214565115
2300792,1294 ,1693214565819
2300792,1331 ,1693214566523
2300792,800.0 ,1693214567222
2300792,1247 ,1693214567922
2300792,893.8 ,1693214568623
2300792,623.5 ,1693214569322
2300792,529.4 ,1693214570023
2300792,752.9 ,1693214570727
2300792,1453 ,1693214571426
2300792,1924 ,1693214572131
2300792,800.0 ,1693214572831
2300792,1183 ,1693214573532
2300792,1500 ,1693214574234
2300792,1241 ,1693214574934
2300792,1529 ,1693214575635
2300792,876.5 ,1693214576335
2300792,541.2 ,1693214577039
2300792,1344 ,1693214577743
2300792,1518 ,1693214578443
2300792,1500 ,1693214579143
2300792,1288 ,1693214579847
2300792,1241 ,1693214580547
2300792,1306 ,1693214581250
2300792,247.1 ,1693214581951
2300792,1206 ,1693214582648
2300792,1300 ,1693214583349
2300792,264.7 ,1693214584050
2300792,441.2 ,1693214584753
2300792,287.5 ,1693214585455
2300792,1338 ,1693214586154
2300792,564.7 ,1693214586851
2300792,1271 ,1693214587550
2300792,1547 ,1693214588255
2300792,1653 ,1693214588955
2300792,476.5 ,1693214589654
2300792,1347 ,1693214590359
2300792,337.5 ,1693214591063
2300792,1406 ,1693214591763
2300792,794.1 ,1693214592463
2300792,1247 ,1693214593167
2300792,729.4 ,1693214593871
2300792,1312 ,1693214594570
2300792,247.1 ,1693214595270
2300792,1365 ,1693214595966
2300792,252.9 ,1693214596668
2300792,1276 ,1693214597370
2300792,1306 ,1693214598071
2300792,1176 ,1693214598771
2300792,282.4 ,1693214599470
2300792,1276 ,1693214600171
2300792,1271 ,1693214600874
2300792,417.6 ,1693214601577
2300792,247.1 ,1693214602283
2300792,352.9 ,1693214602985
2300792,1382 ,1693214603687
2300792,294.1 ,1693214604387
2300792,305.9 ,1693214605090
2300792,858.8 ,1693214605797
2300792,470.6 ,1693214606500
2300792,1212 ,1693214607200
2300792,1512 ,1693214607898
2300792,1553 ,1693214608596
2300792,282.4 ,1693214609297
2300792,1169 ,1693214609995
2300792,1525 ,1693214610695
2300792,1529 ,1693214611394
2300792,1129 ,1693214612098
2300792,1335 ,1693214612801
2300792,1369 ,1693214613505
2300792,1394 ,1693214614204
2300792,1806 ,1693214614902
2300792,1344 ,1693214615603
2300792,1144 ,1693214616303
2300792,881.2 ,1693214617003
2300792,881.2 ,1693214617702
2300792,1512 ,1693214618402
2300792,276.5 ,1693214619104
2300792,1312 ,1693214619806
2300792,617.6 ,1693214620507
2300792,1338 ,1693214621206
2300792,1350 ,1693214621906
2300792,1453 ,1693214622607
2300792,531.2 ,1693214623306
2300792,1224 ,1693214624006
2300792,276.5 ,1693214624706
2300792,952.9 ,1693214625408
2300792,741.2 ,1693214626107
2300792,718.8 ,1693214626805
2300792,1319 ,1693214627504
2300792,300.0 ,1693214628203
2300792,1759 ,1693214628908
2300792,1271 ,1693214629608
2300792,1235 ,1693214630308
2300792,1318 ,1693214631006
2300792,1276 ,1693214631706
2300792,258.8 ,1693214632410
2300792,1329 ,1693214633107
2300792,1412 ,1693214633804
2300792,717.6 ,1693214634504
2300792,1147 ,1693214635207
2300792,247.1 ,1693214635910
2300792,1294 ,1693214636610
2300792,770.6 ,1693214637309
2300792,1318 ,1693214638010
2300792,1347 ,1693214638710
2300792,306.2 ,1693214639412
2300792,1271 ,1693214640111
2300792,305.9 ,1693214640810
2300792,294.1 ,1693214641515
2300792,1329 ,1693214642214
2300792,252.9 ,1693214642914
2300792,1253 ,1693214643616
2300792,252.9 ,1693214644319
2300792,570.6 ,1693214645023
2300792,1135 ,1693214645726
2300792,894.1 ,1693214646427
2300792,282.4 ,1693214647131
2300792,505.9 ,1693214647835
2300792,982.4 ,1693214648539
2300792,312.5 ,1693214649243
2300792,956.2 ,1693214649942
2300792,1319 ,1693214650644
2300792,1412 ,1693214651344
2300792,276.5 ,1693214652044
2300792,282.4 ,1693214652747
2300792,1247 ,1693214653447
2300792,1594 ,1693214654148
2300792,1306 ,1693214654846
2300792,300.0 ,1693214655547
2300792,1306 ,1693214656248
2300792,1165 ,1693214656947
2300792,882.4 ,1693214657649
2300792,1612 ,1693214658352
2300792,1359 ,1693214659053
2300792,1294 ,1693214659759
2300792,247.1 ,1693214660458
2300792,1362 ,1693214661164
2300792,1256 ,1693214661863
2300792,275.0 ,1693214662562
2300792,217.6 ,1693214663263
2300792,1194 ,1693214663967
2300792,1300 ,1693214664668
2300792,1324 ,1693214665367
2300792,1135 ,1693214666067
2300792,1041 ,1693214666771
2300792,1253 ,1693214667471
2300792,1294 ,1693214668170
2300792,1341 ,1693214668871
2300792,1341 ,1693214669571
2300792,1412 ,1693214670272
2300792,511.8 ,1693214670971
2300792,1394 ,1693214671672
2300792,1065 ,1693214672375
2300792,264.7 ,1693214673075
2300792,1282 ,1693214673773
2300792,329.4 ,1693214674475
2300792,288.2 ,1693214675179
2300792,1388 ,1693214675883
2300792,1024 ,1693214676582
2300792,1425 ,1693214677283
2300792,943.8 ,1693214677983
2300792,752.9 ,1693214678684
2300792,1312 ,1693214679386
2300792,1312 ,1693214680087
2300792,1312 ,1693214680792
2300792,793.8 ,1693214681494
2300792,318.8 ,1693214682194
2300792,1406 ,1693214682892
2300792,1400 ,1693214683594
2300792,1518 ,1693214684295
2300792,1524 ,1693214684996
2300792,1471 ,1693214685695
2300792,1524 ,1693214686395
2300792,317.6 ,1693214687097
2300792,1400 ,1693214687802
2300792,1518 ,1693214688508
2300792,1288 ,1693214689208
2300792,852.9 ,1693214689911
2300792,1347 ,1693214690611
2300792,1512 ,1693214691314
2300792,1241 ,1693214692021
2300792,1312 ,1693214692723
2300792,1600 ,1693214693423
2300792,1194 ,1693214694124
2300792,935.3 ,1693214694824
2300792,411.8 ,1693214695527
2300792,1324 ,1693214696228
2300792,1353 ,1693214696931
2300792,423.5 ,1693214697636
2300792,1353 ,1693214698334
2300792,1094 ,1693214699034
2300792,1353 ,1693214699734
2300792,276.5 ,1693214700434
2300792,952.9 ,1693214701134
2300792,964.7 ,1693214701834
2300792,1288 ,1693214702535
2300792,229.4 ,1693214703235
2300792,552.9 ,1693214703938
2300792,1369 ,1693214704643
2300792,282.4 ,1693214705342
2300792,1294 ,1693214706039
2300792,1271 ,1693214706739
2300792,794.1 ,1693214707437
2300792,1300 ,1693214708142
2300792,1350 ,1693214708843
2300792,293.8 ,1693214709542
2300792,270.6 ,1693214710242
2300792,1329 ,1693214710939
2300792,1476 ,1693214711639
2300792,456.2 ,1693214712343
2300792,270.6 ,1693214713044
2300792,1259 ,1693214713745
2300792,2288 ,1693214714447
2300792,1341 ,1693214715147
2300792,823.5 ,1693214715847
2300792,264.7 ,1693214716547
2300792,2224 ,1693214717251
2300792,1129 ,1693214717950
2300792,1265 ,1693214718650
2300792,662.5 ,1693214719354
2300792,1312 ,1693214720054
2300792,1381 ,1693214720753
2300792,1229 ,1693214721451
2300792,1353 ,1693214722151
2300792,288.2 ,1693214722851
2300792,264.7 ,1693214723551
2300792,1488 ,1693214724251
2300792,1547 ,1693214724950
2300792,1541 ,1693214725654
2300792,288.2 ,1693214726358
2300792,600.0 ,1693214727058
2300792,241.2 ,1693214727763
2300792,252.9 ,1693214728474
2300792,1200 ,1693214729176
2300792,1212 ,1693214729878
2300792,252.9 ,1693214730578
2300792,1329 ,1693214731280
2300792,350.0 ,1693214731983
2300792,1306 ,1693214732684
2300792,1276 ,1693214733386
2300792,488.2 ,1693214734086
2300792,1288 ,1693214734786
2300792,294.1 ,1693214735487
2300792,817.6 ,1693214736189
2300792,1425 ,1693214736892
2300792,823.5 ,1693214737590
2300792,276.5 ,1693214738294
2300792,1076 ,1693214738991
2300792,1359 ,1693214739691
2300792,1619 ,1693214740392
2300792,1335 ,1693214741091
2300792,488.2 ,1693214741794
2300792,447.1 ,1693214742499
2300792,1324 ,1693214743198
2300792,717.6 ,1693214743898
2300792,1365 ,1693214744603
2300792,1306 ,1693214745307
2300792,376.5 ,1693214746006
2300792,1324 ,1693214746706
2300792,1241 ,1693214747406
2300792,1271 ,1693214748107
2300792,552.9 ,1693214748806
2300792,1400 ,1693214749504
2300792,705.6 ,1693214750202
2300792,258.8 ,1693214750906
2300792,1235 ,1693214751611
2300792,1312 ,1693214752310
2300792,1288 ,1693214753015
2300792,1176 ,1693214753719
2300792,258.8 ,1693214754418
2300792,1118 ,1693214755118
2300792,264.7 ,1693214755820
2300792,1329 ,1693214756522
2300792,1282 ,1693214757227
2300792,1018 ,1693214757927
2300792,1312 ,1693214758626
2300792,276.5 ,1693214759331
2300792,1347 ,1693214760035
2300792,1206 ,1693214760738
2300792,517.6 ,1693214761438
2300792,1465 ,1693214762139
2300792,1547 ,1693214762839
2300792,1482 ,1693214763539
2300792,1465 ,1693214764240
2300792,2175 ,1693214764942
2300792,327.8 ,1693214765641
2300792,264.7 ,1693214766347
2300792,276.5 ,1693214767047
2300792,1276 ,1693214767747
2300792,1329 ,1693214768447
2300792,705.9 ,1693214769147
2300792,1241 ,1693214769847
2300792,1041 ,1693214770548
2300792,1318 ,1693214771246
2300792,264.7 ,1693214771946
2300792,929.4 ,1693214772647
2300792,1306 ,1693214773350
2300792,288.2 ,1693214774051
2300792,1200 ,1693214774754
2300792,447.1 ,1693214775458
2300792,1335 ,1693214776159
2300792,382.4 ,1693214776858
2300792,388.2 ,1693214777563
2300792,1329 ,1693214778268
2300792,1147 ,1693214778968
2300792,588.2 ,1693214779667
2300792,1271 ,1693214780366
2300792,1241 ,1693214781067
2300792,1338 ,1693214781765
2300792,1300 ,1693214782466
2300792,288.2 ,1693214783169
2300792,276.5 ,1693214783867
2300792,511.8 ,1693214784568
2300792,1318 ,1693214785267
2300792,258.8 ,1693214785967
2300792,1362 ,1693214786665
2300792,381.2 ,1693214787363
2300792,318.8 ,1693214788062
2300792,1318 ,1693214788762
2300792,1053 ,1693214789460
2300792,1312 ,1693214790163
2300792,1419 ,1693214790863
2300792,1375 ,1693214791563
2300792,500.0 ,1693214792262
2300792,1176 ,1693214792965
2300792,1335 ,1693214793667
2300792,1329 ,1693214794371
2300792,276.5 ,1693214795075
2300792,1306 ,1693214795778
2300792,347.1 ,1693214796482
2300792,1512 ,1693214797184
2300792,1341 ,1693214797886
2300792,276.5 ,1693214798586
2300792,252.9 ,1693214799287
2300792,1241 ,1693214799990
2300792,1082 ,1693214800690
2300792,575.0 ,1693214801394
2300792,1412 ,1693214802091
2300792,1171 ,1693214802790
2300792,1076 ,1693214803490
2300792,1271 ,1693214804195
2300792,970.6 ,1693214804898
2300792,1519 ,1693214805604
2300792,1329 ,1693214806304
2300792,558.8 ,1693214807006
2300792,293.8 ,1693214807704
2300792,900.0 ,1693214808403
2300792,1253 ,1693214809106
2300792,1229 ,1693214809811
2300792,223.5 ,1693214810511
2300792,1312 ,1693214811214
2300792,1247 ,1693214811914
2300792,282.4 ,1693214812614
2300792,1388 ,1693214813315
2300792,1129 ,1693214814015
2300792,1341 ,1693214814719
2300792,1312 ,1693214815420
2300792,487.5 ,1693214816122
2300792,1206 ,1693214816823
2300792,264.7 ,1693214817527
2300792,1347 ,1693214818230
2300792,237.5 ,1693214818934
2300792,1294 ,1693214819635
2300792,1347 ,1693214820334
2300792,300.0 ,1693214821036
2300792,1306 ,1693214821735
2300792,1235 ,1693214822437
2300792,1294 ,1693214823134
2300792,1329 ,1693214823834
2300792,1288 ,1693214824536
2300792,1306 ,1693214825236
2300792,264.7 ,1693214825934
2300792,800.0 ,1693214826631
2300792,329.4 ,1693214827329
2300792,264.7 ,1693214828028
2300792,1029 ,1693214828730
2300792,1294 ,1693214829431
2300792,1300 ,1693214830131
2300792,1306 ,1693214830834
2300792,1435 ,1693214831539
2300792,1082 ,1693214832244
2300792,1288 ,1693214832947
2300792,1300 ,1693214833647
2300792,1318 ,1693214834346
2300792,1324 ,1693214835046
2300792,1412 ,1693214835746
2300792,312.5 ,1693214836443
2300792,1212 ,1693214837146
2300792,382.4 ,1693214837846
2300792,1300 ,1693214838555
2300792,276.5 ,1693214839255
2300792,2171 ,1693214839956
2300792,1612 ,1693214840654
2300792,1594 ,1693214841354
2300792,656.2 ,1693214842053
2300792,1524 ,1693214842750
2300792,511.8 ,1693214843450
2300792,247.1 ,1693214844150
2300792,1318 ,1693214844855
2300792,1476 ,1693214845555
2300792,252.9 ,1693214846256
2300792,1459 ,1693214846957
2300792,288.2 ,1693214847662
2300792,1471 ,1693214848363
2300792,241.2 ,1693214849060
2300792,1329 ,1693214849756
2300792,1294 ,1693214850459
2300792,452.9 ,1693214851153
2300792,852.9 ,1693214851860
2300792,1229 ,1693214852559
2300792,1253 ,1693214853262
2300792,400.0 ,1693214853967
2300792,1347 ,1693214854671
2300792,935.3 ,1693214855370
2300792,264.7 ,1693214856071
2300792,1350 ,1693214856775
2300792,1218 ,1693214857474
2300792,252.9 ,1693214858179
2300792,1059 ,1693214858879
2300792,300.0 ,1693214859580
2300792,1294 ,1693214860279
2300792,417.6 ,1693214860978
2300792,564.7 ,1693214861678
2300792,294.1 ,1693214862378
2300792,276.5 ,1693214863079
2300792,311.8 ,1693214863781
2300792,229.4 ,1693214864483
2300792,141.2 ,1693214865186
2300792,105.9 ,1693214865888
2300792,100.0 ,1693214866588
2300792,106.2 ,1693214867292
2300792,105.9 ,1693214867997
2300792,100.0 ,1693214868700
2300792,100.0 ,1693214869403
2300792,94.1 ,1693214870109
2300792,106.2 ,1693214870813
2300792,100.0 ,1693214871515
2300792,100.0 ,1693214872217
