18%,1688350082186
0%,1688350082740
0%,1688350083311
0%,1688350083869
0%,1688350084409
0%,1688350084946
0%,1688350085481
0%,1688350086017
0%,1688350086555
0%,1688350087089
0%,1688350087621
0%,1688350088156
0%,1688350088693
0%,1688350089228
0%,1688350089765
0%,1688350090305
0%,1688350090844
0%,1688350091384
0%,1688350091924
0%,1688350092464
0%,1688350092998
0%,1688350093537
0%,1688350094074
0%,1688350094613
0%,1688350095151
0%,1688350095687
0%,1688350096221
0%,1688350096760
0%,1688350097297
0%,1688350097835
0%,1688350098368
0%,1688350098906
0%,1688350099444
0%,1688350099982
0%,1688350100520
0%,1688350101058
0%,1688350101594
0%,1688350102131
3%,1688350102666
3%,1688350103205
5%,1688350103743
5%,1688350104280
1%,1688350104818
1%,1688350105355
0%,1688350105894
0%,1688350106432
0%,1688350106968
0%,1688350107506
0%,1688350108044
0%,1688350108584
0%,1688350109124
0%,1688350109662
0%,1688350110200
0%,1688350110738
0%,1688350111276
0%,1688350111815
0%,1688350112356
0%,1688350112894
0%,1688350113431
0%,1688350113969
0%,1688350114507
0%,1688350115045
0%,1688350115585
0%,1688350116122
0%,1688350116659
0%,1688350117196
0%,1688350117736
0%,1688350118273
0%,1688350118810
0%,1688350119347
0%,1688350119886
0%,1688350120423
0%,1688350120963
0%,1688350121501
0%,1688350122039
0%,1688350122577
0%,1688350123115
0%,1688350123653
0%,1688350124192
0%,1688350124730
0%,1688350125269
0%,1688350125807
0%,1688350126346
0%,1688350126884
0%,1688350127423
0%,1688350127962
0%,1688350128502
0%,1688350129040
0%,1688350129578
0%,1688350130117
0%,1688350130655
0%,1688350131193
0%,1688350131732
0%,1688350132273
0%,1688350132812
0%,1688350133352
0%,1688350133889
0%,1688350134428
0%,1688350134962
0%,1688350135494
0%,1688350136028
0%,1688350136561
0%,1688350137098
3%,1688350137693
3%,1688350138238
41%,1688350138770
41%,1688350139333
44%,1688350139865
44%,1688350140407
40%,1688350140949
40%,1688350141507
39%,1688350142034
43%,1688350142569
43%,1688350143102
39%,1688350143651
39%,1688350144191
41%,1688350144729
41%,1688350145262
35%,1688350145799
35%,1688350146331
30%,1688350146867
