1216231,100.0 ,1688468642735
1216231,3131 ,1688468643452
1216231,200.0 ,1688468644137
1216231,200.0 ,1688468644816
1216231,206.2 ,1688468645501
1216231,206.2 ,1688468646186
1216231,200.0 ,1688468646875
1216231,200.0 ,1688468647564
1216231,206.2 ,1688468648253
1216231,1150 ,1688468648938
1216231,987.5 ,1688468649621
1216231,950.0 ,1688468650303
1216231,1131 ,1688468650984
1216231,206.2 ,1688468651667
1216231,206.2 ,1688468652357
1216231,200.0 ,1688468653044
1216231,212.5 ,1688468653731
1216231,200.0 ,1688468654420
1216231,206.2 ,1688468655105
1216231,206.2 ,1688468655788
1216231,200.0 ,1688468656475
1216231,194.1 ,1688468657164
1216231,200.0 ,1688468657849
1216231,206.2 ,1688468658536
1216231,200.0 ,1688468659224
1216231,206.2 ,1688468659911
1216231,200.0 ,1688468660599
1216231,206.2 ,1688468661288
1216231,206.2 ,1688468661976
1216231,206.2 ,1688468662661
1216231,743.8 ,1688468663346
1216231,812.5 ,1688468664030
1216231,741.2 ,1688468664712
1216231,612.5 ,1688468665398
1216231,94.1 ,1688468666090
1216231,100.0 ,1688468666781
1216231,106.2 ,1688468667471
1216231,106.2 ,1688468668160
1216231,106.2 ,1688468668848
1216231,106.2 ,1688468669536
1216231,100.0 ,1688468670225
1216231,100.0 ,1688468670915
1216231,100.0 ,1688468671602
1216231,106.2 ,1688468672292
1216231,106.2 ,1688468672980
1216231,100.0 ,1688468673670
1216231,106.2 ,1688468674360
1216231,106.2 ,1688468675047
1216231,100.0 ,1688468675735
1216231,100.0 ,1688468676423
1216231,106.2 ,1688468677108
1216231,106.2 ,1688468677796
1216231,94.1 ,1688468678484
1216231,106.2 ,1688468679171
1216231,106.2 ,1688468679859
1216231,106.2 ,1688468680546
1216231,100.0 ,1688468681235
1216231,106.2 ,1688468681920
1216231,100.0 ,1688468682606
1216231,100.0 ,1688468683294
1216231,100.0 ,1688468683983
1216231,100.0 ,1688468684671
1216231,100.0 ,1688468685358
1216231,106.2 ,1688468686047
1216231,94.1 ,1688468686735
1216231,94.1 ,1688468687423
1216231,106.2 ,1688468688110
1216231,100.0 ,1688468688799
1216231,106.2 ,1688468689487
1216231,106.2 ,1688468690172
1216231,106.2 ,1688468690859
1216231,100.0 ,1688468691546
1216231,106.2 ,1688468692232
1216231,100.0 ,1688468692919
1216231,106.2 ,1688468693607
1216231,100.0 ,1688468694295
1216231,94.1 ,1688468694983
1216231,106.2 ,1688468695671
1216231,106.2 ,1688468696358
1216231,100.0 ,1688468697047
1216231,100.0 ,1688468697737
1216231,94.1 ,1688468698425
1216231,100.0 ,1688468699112
1216231,100.0 ,1688468699801
1216231,100.0 ,1688468700488
1216231,100.0 ,1688468701176
1216231,94.1 ,1688468701863
1216231,100.0 ,1688468702553
1216231,123.5 ,1688468703244
1216231,200.0 ,1688468703931
1216231,218.8 ,1688468704620
1216231,193.8 ,1688468705307
1216231,206.2 ,1688468705992
1216231,187.5 ,1688468706679
1216231,187.5 ,1688468707366
1216231,206.2 ,1688468708045
1216231,187.5 ,1688468708722
1216231,212.5 ,1688468709405
1216231,187.5 ,1688468710086
1216231,193.8 ,1688468710771
1216231,212.5 ,1688468711460
1216231,187.5 ,1688468712147
1216231,218.8 ,1688468712835
1216231,170.6 ,1688468713524
1216231,187.5 ,1688468714211
1216231,206.2 ,1688468714899
1216231,193.8 ,1688468715575
1216231,212.5 ,1688468716259
1216231,187.5 ,1688468716947
1216231,193.8 ,1688468717636
1216231,205.9 ,1688468718323
1216231,181.2 ,1688468719011
1216231,212.5 ,1688468719695
1216231,182.4 ,1688468720383
1216231,193.8 ,1688468721070
1216231,212.5 ,1688468721757
1216231,176.5 ,1688468722444
1216231,200.0 ,1688468723134
1216231,176.5 ,1688468723823
1216231,193.8 ,1688468724512
1216231,218.8 ,1688468725199
1216231,193.8 ,1688468725887
1216231,200.0 ,1688468726576
1216231,182.4 ,1688468727264
1216231,182.4 ,1688468727952
1216231,188.2 ,1688468728642
1216231,187.5 ,1688468729331
1216231,218.8 ,1688468730019
1216231,187.5 ,1688468730709
1216231,193.8 ,1688468731396
1216231,194.1 ,1688468732084
1216231,187.5 ,1688468732769
1216231,200.0 ,1688468733452
1216231,193.8 ,1688468734137
1216231,193.8 ,1688468734826
1216231,193.8 ,1688468735512
1216231,200.0 ,1688468736199
1216231,206.2 ,1688468736888
1216231,193.8 ,1688468737574
1216231,188.2 ,1688468738263
1216231,200.0 ,1688468738951
1216231,182.4 ,1688468739644
1216231,212.5 ,1688468740331
1216231,200.0 ,1688468741010
1216231,205.9 ,1688468741681
1216231,170.6 ,1688468742371
1216231,193.8 ,1688468743061
1216231,206.2 ,1688468743745
1216231,200.0 ,1688468744432
1216231,218.8 ,1688468745120
1216231,181.2 ,1688468745809
1216231,100.0 ,1688468746498
