1792273,100.0 ,1687339267470
1792273,1094 ,1687339267855
1792273,2981 ,1687339268176
1792273,3000 ,1687339268553
1792273,2912 ,1687339268876
1792273,3050 ,1687339269254
1792273,2938 ,1687339269573
1792273,2947 ,1687339269941
1792273,2700 ,1687339270296
1792273,112.5 ,1687339270634
1792273,200.0 ,1687339270969
1792273,200.0 ,1687339271317
1792273,194.1 ,1687339271655
1792273,188.2 ,1687339272005
1792273,200.0 ,1687339272340
1792273,200.0 ,1687339272692
1792273,206.2 ,1687339273027
1792273,188.2 ,1687339273381
1792273,200.0 ,1687339273708
1792273,188.2 ,1687339274073
1792273,194.1 ,1687339274394
1792273,188.2 ,1687339274765
1792273,194.1 ,1687339275084
1792273,200.0 ,1687339275457
1792273,200.0 ,1687339275775
1792273,200.0 ,1687339276145
1792273,212.5 ,1687339276468
1792273,193.8 ,1687339276835
1792273,206.2 ,1687339277160
1792273,194.1 ,1687339277525
1792273,212.5 ,1687339277852
1792273,206.2 ,1687339278217
1792273,188.2 ,1687339278545
1792273,206.2 ,1687339278906
1792273,193.8 ,1687339279237
1792273,194.1 ,1687339279595
1792273,206.2 ,1687339279930
1792273,200.0 ,1687339280288
1792273,212.5 ,1687339280621
1792273,212.5 ,1687339280976
1792273,182.4 ,1687339281313
1792273,188.2 ,1687339281672
1792273,194.1 ,1687339282003
1792273,188.2 ,1687339282362
1792273,194.1 ,1687339282692
1792273,188.2 ,1687339283053
1792273,200.0 ,1687339283383
1792273,188.2 ,1687339283744
1792273,194.1 ,1687339284076
1792273,194.1 ,1687339284433
1792273,194.1 ,1687339284763
1792273,188.2 ,1687339285124
1792273,212.5 ,1687339285457
1792273,182.4 ,1687339285812
1792273,200.0 ,1687339286147
1792273,188.2 ,1687339286501
1792273,193.8 ,1687339286839
1792273,206.2 ,1687339287192
1792273,200.0 ,1687339287526
1792273,188.2 ,1687339287885
1792273,194.1 ,1687339288214
1792273,200.0 ,1687339288577
1792273,200.0 ,1687339288907
1792273,206.2 ,1687339289268
1792273,200.0 ,1687339289592
1792273,194.1 ,1687339289962
1792273,194.1 ,1687339290284
1792273,206.2 ,1687339290671
1792273,194.1 ,1687339290972
1792273,164.7 ,1687339291362
1792273,106.2 ,1687339291665
1792273,1025 ,1687339292050
1792273,1056 ,1687339292352
1792273,829.4 ,1687339292737
1792273,1025 ,1687339293036
1792273,794.1 ,1687339293416
1792273,906.2 ,1687339293726
1792273,764.7 ,1687339294108
1792273,975.0 ,1687339294407
1792273,893.8 ,1687339294792
1792273,1125 ,1687339295098
1792273,1053 ,1687339295476
1792273,1119 ,1687339295793
1792273,931.2 ,1687339296161
1792273,829.4 ,1687339296476
1792273,1081 ,1687339296848
1792273,1094 ,1687339297163
1792273,852.9 ,1687339297536
1792273,805.9 ,1687339297852
1792273,943.8 ,1687339298221
1792273,981.2 ,1687339298538
1792273,1156 ,1687339298910
1792273,937.5 ,1687339299229
1792273,862.5 ,1687339299595
1792273,881.2 ,1687339299911
1792273,1006 ,1687339300282
1792273,862.5 ,1687339300597
1792273,962.5 ,1687339300968
1792273,800.0 ,1687339301280
1792273,882.4 ,1687339301653
1792273,912.5 ,1687339301966
1792273,831.2 ,1687339302339
1792273,923.5 ,1687339302650
1792273,829.4 ,1687339303022
1792273,850.0 ,1687339303337
1792273,931.2 ,1687339303714
1792273,511.8 ,1687339304024
1792273,352.9 ,1687339304401
1792273,194.1 ,1687339304716
1792273,200.0 ,1687339305093
1792273,188.2 ,1687339305402
1792273,194.1 ,1687339305784
1792273,206.2 ,1687339306097
1792273,206.2 ,1687339306476
1792273,206.2 ,1687339306791
1792273,212.5 ,1687339307168
1792273,188.2 ,1687339307482
1792273,212.5 ,1687339307860
1792273,194.1 ,1687339308173
1792273,194.1 ,1687339308550
1792273,200.0 ,1687339308865
1792273,200.0 ,1687339309245
1792273,200.0 ,1687339309556
1792273,206.2 ,1687339309936
1792273,182.4 ,1687339310245
1792273,206.2 ,1687339310628
1792273,206.2 ,1687339310937
1792273,200.0 ,1687339311324
1792273,206.2 ,1687339311628
1792273,206.2 ,1687339312020
1792273,206.2 ,1687339312323
1792273,206.2 ,1687339312707
1792273,188.2 ,1687339313012
1792273,206.2 ,1687339313396
1792273,194.1 ,1687339313704
1792273,194.1 ,1687339314083
1792273,194.1 ,1687339314397
1792273,194.1 ,1687339314775
1792273,194.1 ,1687339315084
1792273,206.2 ,1687339315467
1792273,194.1 ,1687339315776
1792273,200.0 ,1687339316159
1792273,193.8 ,1687339316468
1792273,200.0 ,1687339316850
1792273,206.2 ,1687339317152
1792273,212.5 ,1687339317537
1792273,194.1 ,1687339317845
1792273,200.0 ,1687339318227
1792273,206.2 ,1687339318532
1792273,194.1 ,1687339318917
1792273,194.1 ,1687339319222
1792273,200.0 ,1687339319603
1792273,206.2 ,1687339319916
1792273,188.2 ,1687339320295
1792273,206.2 ,1687339320607
1792273,200.0 ,1687339320982
1792273,188.2 ,1687339321294
1792273,200.0 ,1687339321664
1792273,200.0 ,1687339321980
1792273,212.5 ,1687339322356
1792273,212.5 ,1687339322668
1792273,212.5 ,1687339323045
1792273,206.2 ,1687339323358
1792273,147.1 ,1687339323735
1792273,243.8 ,1687339324048
1792273,631.2 ,1687339324427
1792273,693.8 ,1687339324739
1792273,664.7 ,1687339325115
1792273,517.6 ,1687339325422
1792273,637.5 ,1687339325801
1792273,681.2 ,1687339326110
1792273,612.5 ,1687339326486
1792273,775.0 ,1687339326798
1792273,611.8 ,1687339327173
1792273,612.5 ,1687339327489
1792273,556.2 ,1687339327861
1792273,643.8 ,1687339328178
1792273,968.8 ,1687339328549
1792273,531.2 ,1687339328868
1792273,670.6 ,1687339329244
1792273,600.0 ,1687339329551
1792273,588.2 ,1687339329932
1792273,562.5 ,1687339330241
1792273,662.5 ,1687339330618
1792273,494.1 ,1687339330926
1792273,543.8 ,1687339331307
1792273,537.5 ,1687339331611
1792273,570.6 ,1687339331994
1792273,564.7 ,1687339332295
1792273,635.3 ,1687339332683
1792273,731.2 ,1687339332985
1792273,618.8 ,1687339333368
1792273,856.2 ,1687339333679
1792273,647.1 ,1687339334053
1792273,582.4 ,1687339334364
1792273,470.6 ,1687339334743
1792273,100.0 ,1687339335057
1792273,456.2 ,1687339335436
1792273,106.2 ,1687339335751
1792273,106.2 ,1687339336126
1792273,94.1 ,1687339336441
1792273,106.2 ,1687339336817
1792273,106.2 ,1687339337132
1792273,94.1 ,1687339337504
1792273,100.0 ,1687339337824
1792273,100.0 ,1687339338196
1792273,88.2 ,1687339338515
1792273,100.0 ,1687339338888
1792273,100.0 ,1687339339205
1792273,100.0 ,1687339339578
1792273,106.2 ,1687339339899
1792273,106.2 ,1687339340267
1792273,106.2 ,1687339340591
1792273,106.2 ,1687339340960
1792273,100.0 ,1687339341280
1792273,94.1 ,1687339341650
1792273,100.0 ,1687339341967
1792273,106.2 ,1687339342339
1792273,106.2 ,1687339342658
1792273,106.2 ,1687339343029
1792273,100.0 ,1687339343349
1792273,106.2 ,1687339343722
1792273,100.0 ,1687339344041
1792273,94.1 ,1687339344412
1792273,94.1 ,1687339344733
1792273,94.1 ,1687339345104
1792273,94.1 ,1687339345425
1792273,112.5 ,1687339345796
1792273,94.1 ,1687339346115
1792273,106.2 ,1687339346488
1792273,94.1 ,1687339346804
1792273,106.2 ,1687339347180
1792273,106.2 ,1687339347498
1792273,106.2 ,1687339347872
1792273,100.0 ,1687339348189
1792273,106.2 ,1687339348561
1792273,106.2 ,1687339348880
1792273,100.0 ,1687339349252
1792273,100.0 ,1687339349572
1792273,100.0 ,1687339349944
1792273,105.9 ,1687339350265
1792273,100.0 ,1687339350640
1792273,100.0 ,1687339350960
1792273,100.0 ,1687339351333
1792273,100.0 ,1687339351650
1792273,100.0 ,1687339352027
1792273,100.0 ,1687339352344
1792273,106.2 ,1687339352718
1792273,106.2 ,1687339353037
1792273,100.0 ,1687339353412
1792273,94.1 ,1687339353733
1792273,94.1 ,1687339354105
1792273,100.0 ,1687339354425
1792273,106.2 ,1687339354798
1792273,100.0 ,1687339355117
1792273,100.0 ,1687339355492
1792273,106.2 ,1687339355809
1792273,100.0 ,1687339356180
1792273,106.2 ,1687339356499
1792273,100.0 ,1687339356872
1792273,100.0 ,1687339357189
1792273,100.0 ,1687339357563
1792273,106.2 ,1687339357880
1792273,112.5 ,1687339358256
1792273,94.1 ,1687339358573
1792273,112.5 ,1687339358947
1792273,94.1 ,1687339359264
1792273,100.0 ,1687339359644
1792273,100.0 ,1687339359955
1792273,106.2 ,1687339360336
1792273,100.0 ,1687339360644
1792273,100.0 ,1687339361023
1792273,112.5 ,1687339361327
1792273,112.5 ,1687339361719
1792273,94.1 ,1687339362042
1792273,100.0 ,1687339362413
1792273,100.0 ,1687339362737
1792273,100.0 ,1687339363103
1792273,106.2 ,1687339363428
1792273,100.0 ,1687339363795
1792273,106.2 ,1687339364120
1792273,100.0 ,1687339364488
1792273,100.0 ,1687339364813
1792273,100.0 ,1687339365180
1792273,100.0 ,1687339365504
1792273,106.2 ,1687339365877
1792273,100.0 ,1687339366196
1792273,100.0 ,1687339366568
1792273,106.2 ,1687339366889
1792273,100.0 ,1687339367258
1792273,106.2 ,1687339367577
1792273,106.2 ,1687339367948
1792273,94.1 ,1687339368265
1792273,112.5 ,1687339368639
1792273,94.1 ,1687339368953
1792273,106.2 ,1687339369330
1792273,100.0 ,1687339369644
1792273,112.5 ,1687339370020
1792273,100.0 ,1687339370336
1792273,100.0 ,1687339370711
1792273,105.9 ,1687339371031
1792273,100.0 ,1687339371403
1792273,112.5 ,1687339371724
1792273,94.1 ,1687339372094
1792273,105.9 ,1687339372413
1792273,100.0 ,1687339372786
1792273,94.1 ,1687339373104
1792273,112.5 ,1687339373477
1792273,106.2 ,1687339373796
1792273,100.0 ,1687339374171
1792273,381.2 ,1687339374489
1792273,100.0 ,1687339374867
1792273,100.0 ,1687339375175
1792273,112.5 ,1687339375557
1792273,106.2 ,1687339375869
1792273,94.1 ,1687339376253
1792273,93.8 ,1687339376561
1792273,100.0 ,1687339376944
1792273,100.0 ,1687339377242
1792273,106.2 ,1687339377636
1792273,105.9 ,1687339377933
1792273,106.2 ,1687339378329
1792273,100.0 ,1687339378630
1792273,106.2 ,1687339379019
1792273,106.2 ,1687339379321
1792273,106.2 ,1687339379708
1792273,94.1 ,1687339380010
1792273,106.2 ,1687339380399
1792273,94.1 ,1687339380704
1792273,106.2 ,1687339381090
1792273,106.2 ,1687339381398
1792273,94.1 ,1687339381783
1792273,100.0 ,1687339382090
1792273,100.0 ,1687339382469
1792273,94.1 ,1687339382784
1792273,94.1 ,1687339383163
1792273,106.2 ,1687339383478
1792273,100.0 ,1687339383854
1792273,100.0 ,1687339384168
1792273,106.2 ,1687339384549
1792273,106.2 ,1687339384857
1792273,100.0 ,1687339385237
1792273,100.0 ,1687339385550
1792273,106.2 ,1687339385927
1792273,100.0 ,1687339386234
1792273,100.0 ,1687339386619
1792273,100.0 ,1687339386928
1792273,100.0 ,1687339387315
1792273,100.0 ,1687339387620
1792273,100.0 ,1687339388006
1792273,100.0 ,1687339388313
1792273,100.0 ,1687339388695
1792273,94.1 ,1687339389001
1792273,100.0 ,1687339389386
1792273,94.1 ,1687339389692
1792273,94.1 ,1687339390077
1792273,106.2 ,1687339390382
1792273,94.1 ,1687339390760
1792273,100.0 ,1687339391072
1792273,94.1 ,1687339391453
1792273,94.1 ,1687339391764
1792273,94.1 ,1687339392144
1792273,94.1 ,1687339392454
1792273,94.1 ,1687339392835
1792273,94.1 ,1687339393154
1792273,100.0 ,1687339393526
1792273,100.0 ,1687339393845
1792273,100.0 ,1687339394218
1792273,94.1 ,1687339394536
1792273,106.2 ,1687339394908
1792273,100.0 ,1687339395223
1792273,100.0 ,1687339395599
1792273,106.2 ,1687339395910
1792273,106.2 ,1687339396291
1792273,100.0 ,1687339396600
1792273,106.2 ,1687339396980
1792273,94.1 ,1687339397283
1792273,100.0 ,1687339397672
1792273,100.0 ,1687339397975
1792273,100.0 ,1687339398361
1792273,106.2 ,1687339398667
1792273,94.1 ,1687339399052
1792273,100.0 ,1687339399355
1792273,94.1 ,1687339399743
1792273,100.0 ,1687339400047
1792273,100.0 ,1687339400431
1792273,100.0 ,1687339400739
1792273,94.1 ,1687339401123
1792273,106.2 ,1687339401428
1792273,94.1 ,1687339401813
1792273,100.0 ,1687339402121
1792273,94.1 ,1687339402504
1792273,94.1 ,1687339402811
1792273,106.2 ,1687339403192
1792273,94.1 ,1687339403502
1792273,106.2 ,1687339403879
1792273,106.2 ,1687339404191
1792273,106.2 ,1687339404571
1792273,106.2 ,1687339404880
1792273,100.0 ,1687339405259
1792273,106.2 ,1687339405571
1792273,106.2 ,1687339405949
1792273,106.2 ,1687339406262
1792273,100.0 ,1687339406640
1792273,100.0 ,1687339406951
1792273,100.0 ,1687339407329
1792273,100.0 ,1687339407643
1792273,100.0 ,1687339408014
1792273,100.0 ,1687339408336
1792273,100.0 ,1687339408707
1792273,106.2 ,1687339409030
1792273,106.2 ,1687339409400
1792273,100.0 ,1687339409722
1792273,100.0 ,1687339410087
1792273,106.2 ,1687339410416
1792273,106.2 ,1687339410776
1792273,106.2 ,1687339411108
1792273,106.2 ,1687339411466
1792273,100.0 ,1687339411799
1792273,106.2 ,1687339412156
1792273,106.2 ,1687339412488
1792273,106.2 ,1687339412847
1792273,100.0 ,1687339413180
1792273,100.0 ,1687339413550
1792273,100.0 ,1687339413871
1792273,100.0 ,1687339414241
1792273,100.0 ,1687339414564
1792273,100.0 ,1687339414931
1792273,106.2 ,1687339415256
1792273,100.0 ,1687339415620
1792273,106.2 ,1687339415948
1792273,100.0 ,1687339416309
1792273,100.0 ,1687339416636
1792273,100.0 ,1687339416998
1792273,100.0 ,1687339417324
1792273,106.2 ,1687339417688
1792273,94.1 ,1687339418015
1792273,100.0 ,1687339418380
1792273,100.0 ,1687339418708
1792273,94.1 ,1687339419074
1792273,106.2 ,1687339419391
1792273,100.0 ,1687339419767
1792273,106.2 ,1687339420080
1792273,100.0 ,1687339420456
1792273,106.2 ,1687339420771
1792273,100.0 ,1687339421148
1792273,106.2 ,1687339421458
1792273,106.2 ,1687339421838
1792273,100.0 ,1687339422152
1792273,100.0 ,1687339422527
1792273,100.0 ,1687339422844
1792273,100.0 ,1687339423246
1792273,94.1 ,1687339423534
1792273,100.0 ,1687339423940
1792273,106.2 ,1687339424222
1792273,100.0 ,1687339424627
1792273,100.0 ,1687339424911
1792273,100.0 ,1687339425318
1792273,94.1 ,1687339425603
1792273,106.2 ,1687339426008
1792273,94.1 ,1687339426292
1792273,100.0 ,1687339426695
1792273,100.0 ,1687339426979
1792273,106.2 ,1687339427386
1792273,100.0 ,1687339427672
1792273,106.2 ,1687339428076
1792273,106.2 ,1687339428366
1792273,100.0 ,1687339428767
1792273,106.2 ,1687339429056
1792273,100.0 ,1687339429460
1792273,100.0 ,1687339429748
1792273,100.0 ,1687339430147
1792273,106.2 ,1687339430440
1792273,100.0 ,1687339430840
1792273,100.0 ,1687339431133
1792273,106.2 ,1687339431529
1792273,94.1 ,1687339431824
1792273,94.1 ,1687339432222
1792273,100.0 ,1687339432512
1792273,588.2 ,1687339432913
1792273,350.0 ,1687339433206
1792273,164.7 ,1687339433604
1792273,106.2 ,1687339433926
1792273,100.0 ,1687339434294
1792273,200.0 ,1687339434617
1792273,2711 ,1687339434996
1792273,331.2 ,1687339435324
1792273,506.2 ,1687339435708
1792273,388.2 ,1687339436004
1792273,231.2 ,1687339436392
1792273,123.5 ,1687339436693
1792273,100.0 ,1687339437080
1792273,218.8 ,1687339437382
1792273,3041 ,1687339437788
1792273,1406 ,1687339438089
1792273,662.5 ,1687339438496
1792273,456.2 ,1687339438770
1792273,381.2 ,1687339439182
1792273,212.5 ,1687339439458
1792273,106.2 ,1687339439866
1792273,100.0 ,1687339440145
1792273,106.2 ,1687339440550
1792273,2744 ,1687339440876
1792273,300.0 ,1687339441256
1792273,537.5 ,1687339441581
1792273,382.4 ,1687339441934
1792273,231.2 ,1687339442267
1792273,100.0 ,1687339442626
1792273,94.1 ,1687339442953
1792273,188.2 ,1687339443311
1792273,1688 ,1687339443636
1792273,2600 ,1687339444036
1792273,487.5 ,1687339444376
1792273,293.8 ,1687339444717
1792273,100.0 ,1687339445058
1792273,100.0 ,1687339445405
1792273,123.5 ,1687339445744
1792273,2817 ,1687339446112
1792273,400.0 ,1687339446434
1792273,393.8 ,1687339446840
1792273,293.8 ,1687339447119
1792273,100.0 ,1687339447529
1792273,100.0 ,1687339447811
1792273,218.8 ,1687339448213
1792273,2225 ,1687339448498
1792273,683.3 ,1687339448936
1792273,650.0 ,1687339449223
1792273,394.1 ,1687339449614
1792273,268.8 ,1687339449906
1792273,123.5 ,1687339450304
1792273,100.0 ,1687339450598
1792273,194.1 ,1687339450993
1792273,1631 ,1687339451286
1792273,1618 ,1687339451724
1792273,537.5 ,1687339452002
1792273,306.2 ,1687339452391
1792273,100.0 ,1687339452687
1792273,106.2 ,1687339453076
1792273,94.1 ,1687339453376
1792273,1441 ,1687339453764
1792273,3069 ,1687339454077
1792273,818.8 ,1687339454480
1792273,475.0 ,1687339454753
1792273,350.0 ,1687339455166
1792273,200.0 ,1687339455437
1792273,106.2 ,1687339455852
1792273,100.0 ,1687339456125
1792273,93.8 ,1687339456540
1792273,2988 ,1687339456832
1792273,325.0 ,1687339457228
1792273,575.0 ,1687339457539
1792273,406.2 ,1687339457913
1792273,168.8 ,1687339458228
1792273,100.0 ,1687339458602
1792273,106.2 ,1687339458917
1792273,106.2 ,1687339459289
1792273,2811 ,1687339459640
1792273,618.8 ,1687339459976
1792273,358.8 ,1687339460364
1792273,206.2 ,1687339460659
1792273,106.2 ,1687339461053
1792273,106.2 ,1687339461342
1792273,106.2 ,1687339461739
1792273,2626 ,1687339462049
1792273,475.0 ,1687339462431
1792273,437.5 ,1687339462767
1792273,318.8 ,1687339463118
1792273,200.0 ,1687339463449
1792273,94.1 ,1687339463805
1792273,100.0 ,1687339464137
1792273,743.8 ,1687339464487
1792273,2976 ,1687339464852
1792273,606.2 ,1687339465215
1792273,382.4 ,1687339465544
1792273,175.0 ,1687339465902
1792273,106.2 ,1687339466232
1792273,106.2 ,1687339466591
1792273,100.0 ,1687339466922
1792273,2878 ,1687339467297
1792273,276.5 ,1687339467614
1792273,388.2 ,1687339468012
1792273,288.2 ,1687339468302
1792273,100.0 ,1687339468702
1792273,106.2 ,1687339468993
1792273,212.5 ,1687339469390
1792273,787.5 ,1687339469679
1792273,2272 ,1687339470100
1792273,552.9 ,1687339470400
1792273,368.8 ,1687339470792
1792273,150.0 ,1687339471089
1792273,106.2 ,1687339471477
1792273,206.2 ,1687339471776
1792273,2838 ,1687339472165
1792273,1841 ,1687339472485
1792273,476.5 ,1687339472871
1792273,370.6 ,1687339473163
1792273,118.8 ,1687339473563
1792273,94.1 ,1687339473853
1792273,94.1 ,1687339474262
1792273,100.0 ,1687339474542
1792273,2839 ,1687339474984
1792273,287.5 ,1687339475234
1792273,400.0 ,1687339475688
1792273,305.9 ,1687339475923
1792273,106.2 ,1687339476372
1792273,106.2 ,1687339476612
1792273,206.2 ,1687339477061
1792273,1453 ,1687339477304
1792273,421.1 ,1687339477780
1792273,729.4 ,1687339478004
1792273,382.4 ,1687339478476
1792273,262.5 ,1687339478691
1792273,100.0 ,1687339479164
1792273,100.0 ,1687339479376
1792273,94.1 ,1687339479845
1792273,2112 ,1687339480065
1792273,312.5 ,1687339480539
1792273,481.2 ,1687339480787
1792273,100.0 ,1687339481219
1792273,106.2 ,1687339481477
1792273,100.0 ,1687339481909
1792273,100.0 ,1687339482163
1792273,2900 ,1687339482624
1792273,420.0 ,1687339482849
1792273,131.2 ,1687339483325
1792273,93.8 ,1687339483525
1792273,206.2 ,1687339484014
1792273,106.2 ,1687339484198
1792273,2588 ,1687339484724
1792273,418.8 ,1687339484885
1792273,158.8 ,1687339485405
1792273,100.0 ,1687339485561
1792273,100.0 ,1687339486093
1792273,212.5 ,1687339486248
1792273,3089 ,1687339486820
1792273,1167 ,1687339486956
1792273,312.5 ,1687339487520
1792273,250.0 ,1687339487647
1792273,100.0 ,1687339488210
1792273,100.0 ,1687339488332
1792273,106.2 ,1687339488897
1792273,1281 ,1687339489017
1792273,547.1 ,1687339489582
1792273,487.5 ,1687339489738
1792273,100.0 ,1687339490270
1792273,100.0 ,1687339490424
1792273,106.2 ,1687339490955
1792273,188.2 ,1687339491114
1792273,2878 ,1687339491665
1792273,1259 ,1687339491836
1792273,258.8 ,1687339492375
1792273,117.6 ,1687339492492
1792273,106.2 ,1687339493061
1792273,100.0 ,1687339493181
1792273,2800 ,1687339493780
1792273,2806 ,1687339493892
1792273,300.0 ,1687339494492
1792273,275.0 ,1687339494603
1792273,100.0 ,1687339495183
1792273,106.2 ,1687339495290
1792273,1600 ,1687339495870
1792273,2663 ,1687339496004
1792273,358.8 ,1687339496604
1792273,287.5 ,1687339496740
1792273,100.0 ,1687339497291
1792273,100.0 ,1687339497429
1792273,2050 ,1687339497977
1792273,2663 ,1687339498140
1792273,418.8 ,1687339498690
1792273,252.9 ,1687339498863
1792273,106.2 ,1687339499376
1792273,106.2 ,1687339499553
1792273,647.1 ,1687339500065
1792273,2856 ,1687339500276
1792273,441.2 ,1687339500783
1792273,300.0 ,1687339500980
1792273,106.2 ,1687339501475
1792273,106.2 ,1687339501667
1792273,100.0 ,1687339502159
1792273,2400 ,1687339502352
1792273,568.8 ,1687339502842
1792273,381.2 ,1687339503053
1792273,100.0 ,1687339503518
1792273,100.0 ,1687339503740
1792273,212.5 ,1687339504209
1792273,100.0 ,1687339504427
1792273,1944 ,1687339504924
1792273,605.9 ,1687339505114
1792273,105.9 ,1687339505604
1792273,100.0 ,1687339505800
1792273,106.2 ,1687339506293
1792273,100.0 ,1687339506486
1792273,2000 ,1687339507004
1792273,541.2 ,1687339507174
1792273,181.2 ,1687339507697
1792273,106.2 ,1687339507862
1792273,100.0 ,1687339508386
1792273,206.2 ,1687339508548
1792273,2839 ,1687339509104
1792273,1828 ,1687339509264
1792273,217.6 ,1687339509824
1792273,143.8 ,1687339509948
1792273,100.0 ,1687339510513
1792273,94.1 ,1687339510635
1792273,2806 ,1687339511224
1792273,2600 ,1687339511348
1792273,300.0 ,1687339511936
1792273,225.0 ,1687339512041
1792273,106.2 ,1687339512623
1792273,106.2 ,1687339512722
1792273,3081 ,1687339513308
1792273,3033 ,1687339513433
1792273,288.2 ,1687339514044
1792273,287.5 ,1687339514140
1792273,100.0 ,1687339514731
1792273,100.0 ,1687339514827
1792273,1975 ,1687339515417
1792273,2653 ,1687339515540
1792273,406.2 ,1687339516132
1792273,312.5 ,1687339516272
1792273,100.0 ,1687339516814
1792273,106.2 ,1687339516954
1792273,106.2 ,1687339517500
1792273,1712 ,1687339517640
1792273,650.0 ,1687339518190
1792273,393.8 ,1687339518358
1792273,100.0 ,1687339518876
1792273,106.2 ,1687339519046
1792273,182.4 ,1687339519564
1792273,131.2 ,1687339519738
1792273,650.0 ,1687339520276
1792273,587.5 ,1687339520435
1792273,137.5 ,1687339520962
1792273,100.0 ,1687339521126
1792273,206.2 ,1687339521647
1792273,106.2 ,1687339521812
1792273,2331 ,1687339522360
1792273,518.8 ,1687339522499
1792273,150.0 ,1687339523032
1792273,100.0 ,1687339523188
1792273,100.0 ,1687339523716
1792273,206.2 ,1687339523867
1792273,2200 ,1687339524432
1792273,556.2 ,1687339524556
1792273,156.2 ,1687339525109
1792273,100.0 ,1687339525241
1792273,200.0 ,1687339525797
1792273,100.0 ,1687339525937
1792273,1005 ,1687339526512
1792273,529.4 ,1687339526626
1792273,117.6 ,1687339527211
1792273,106.2 ,1687339527312
1792273,200.0 ,1687339527903
1792273,212.5 ,1687339527997
1792273,1156 ,1687339528622
1792273,531.2 ,1687339528684
1792273,162.5 ,1687339529301
1792273,125.0 ,1687339529367
1792273,100.0 ,1687339529986
1792273,188.2 ,1687339530053
1792273,2400 ,1687339530704
1792273,1161 ,1687339530771
1792273,187.5 ,1687339531382
1792273,150.0 ,1687339531445
1792273,206.2 ,1687339532065
1792273,212.5 ,1687339532132
1792273,1383 ,1687339532772
1792273,564.7 ,1687339532835
1792273,131.2 ,1687339533456
1792273,100.0 ,1687339533522
1792273,94.1 ,1687339534144
1792273,93.8 ,1687339534201
1792273,531.2 ,1687339534834
1792273,650.0 ,1687339534879
1792273,100.0 ,1687339535518
1792273,100.0 ,1687339535566
1792273,94.1 ,1687339536204
1792273,106.2 ,1687339536256
1792273,518.8 ,1687339536883
1792273,537.5 ,1687339536945
1792273,94.1 ,1687339537564
1792273,100.0 ,1687339537636
1792273,2156 ,1687339538250
1792273,2988 ,1687339538337
1792273,300.0 ,1687339538965
1792273,235.3 ,1687339539051
1792273,106.2 ,1687339539654
1792273,100.0 ,1687339539740
1792273,2833 ,1687339540364
1792273,1805 ,1687339540452
1792273,188.2 ,1687339541086
1792273,200.0 ,1687339541160
1792273,212.5 ,1687339541774
1792273,212.5 ,1687339541848
1792273,1726 ,1687339542476
1792273,661.1 ,1687339542569
1792273,168.8 ,1687339543178
1792273,125.0 ,1687339543242
1792273,141.2 ,1687339543865
1792273,100.0 ,1687339543929
1792273,493.8 ,1687339544551
1792273,666.7 ,1687339544618
1792273,100.0 ,1687339545234
1792273,100.0 ,1687339545301
1792273,93.8 ,1687339545919
1792273,1388 ,1687339545988
1792273,656.2 ,1687339546607
1792273,468.8 ,1687339546694
1792273,125.0 ,1687339547289
1792273,106.2 ,1687339547377
1792273,150.0 ,1687339547977
1792273,100.0 ,1687339548065
1792273,443.8 ,1687339548662
1792273,618.8 ,1687339548751
1792273,243.8 ,1687339549349
1792273,164.7 ,1687339549435
1792273,193.8 ,1687339550037
1792273,200.0 ,1687339550119
1792273,1182 ,1687339550744
1792273,512.5 ,1687339550810
1792273,212.5 ,1687339551433
1792273,131.2 ,1687339551497
1792273,187.5 ,1687339552120
1792273,100.0 ,1687339552185
1792273,644.4 ,1687339552833
1792273,506.2 ,1687339552870
1792273,137.5 ,1687339553519
1792273,112.5 ,1687339553554
1792273,206.2 ,1687339554207
1792273,188.2 ,1687339554233
1792273,476.5 ,1687339554916
1792273,550.0 ,1687339554913
1792273,112.5 ,1687339555595
1792273,112.5 ,1687339555598
1792273,100.0 ,1687339556286
1792273,94.1 ,1687339556282
1792273,550.0 ,1687339556967
1792273,556.2 ,1687339556974
1792273,100.0 ,1687339557654
1792273,100.0 ,1687339557658
1792273,2918 ,1687339558342
1792273,3094 ,1687339558341
1792273,323.5 ,1687339559053
1792273,325.0 ,1687339559076
1792273,100.0 ,1687339559741
1792273,94.1 ,1687339559764
1792273,3044 ,1687339560460
1792273,2856 ,1687339560484
1792273,237.5 ,1687339561178
1792273,225.0 ,1687339561199
1792273,206.2 ,1687339561869
1792273,194.1 ,1687339561886
1792273,537.5 ,1687339562557
1792273,462.5 ,1687339562571
1792273,106.2 ,1687339563242
1792273,94.1 ,1687339563255
1792273,1250 ,1687339563928
1792273,1235 ,1687339563935
1792273,406.2 ,1687339564622
1792273,406.2 ,1687339564625
1792273,100.0 ,1687339565310
1792273,100.0 ,1687339565310
1792273,2700 ,1687339565997
1792273,2969 ,1687339565996
1792273,375.0 ,1687339566686
1792273,356.2 ,1687339566716
1792273,100.0 ,1687339567373
1792273,106.2 ,1687339567401
1792273,2789 ,1687339568088
1792273,2850 ,1687339568123
1792273,262.5 ,1687339568801
1792273,235.3 ,1687339568825
1792273,106.2 ,1687339569487
1792273,193.8 ,1687339569511
1792273,2378 ,1687339570200
1792273,2050 ,1687339570220
1792273,200.0 ,1687339570888
1792273,188.2 ,1687339570912
1792273,94.1 ,1687339571575
1792273,100.0 ,1687339571600
1792273,558.8 ,1687339572271
1792273,552.9 ,1687339572287
1792273,106.2 ,1687339572961
1792273,100.0 ,1687339572965
1792273,1531 ,1687339573646
1792273,1531 ,1687339573651
1792273,350.0 ,1687339574338
1792273,337.5 ,1687339574348
1792273,100.0 ,1687339575026
1792273,100.0 ,1687339575033
1792273,2128 ,1687339575728
1792273,2000 ,1687339575752
1792273,143.8 ,1687339576416
1792273,143.8 ,1687339576423
1792273,106.2 ,1687339577100
1792273,100.0 ,1687339577109
1792273,593.8 ,1687339577786
1792273,631.2 ,1687339577795
1792273,100.0 ,1687339578467
1792273,100.0 ,1687339578481
1792273,3033 ,1687339579172
1792273,2884 ,1687339579200
1792273,282.4 ,1687339579904
1792273,270.6 ,1687339579924
1792273,206.2 ,1687339580588
1792273,206.2 ,1687339580612
1792273,1037 ,1687339581292
1792273,676.5 ,1687339581332
1792273,125.0 ,1687339581986
1792273,106.2 ,1687339582012
1792273,106.2 ,1687339582666
1792273,488.2 ,1687339582693
1792273,558.8 ,1687339583347
1792273,425.0 ,1687339583406
1792273,106.2 ,1687339584034
1792273,100.0 ,1687339584090
1792273,3200 ,1687339584752
1792273,2482 ,1687339584812
1792273,162.5 ,1687339585449
1792273,131.2 ,1687339585498
1792273,776.5 ,1687339586133
1792273,1671 ,1687339586185
1792273,382.4 ,1687339586832
1792273,350.0 ,1687339586896
1792273,168.8 ,1687339587520
1792273,194.1 ,1687339587585
1792273,1483 ,1687339588232
1792273,722.2 ,1687339588296
1792273,106.2 ,1687339588916
1792273,100.0 ,1687339588980
1792273,2789 ,1687339589636
1792273,3006 ,1687339589676
1792273,143.8 ,1687339590354
1792273,131.2 ,1687339590391
1792273,1956 ,1687339591040
1792273,2388 ,1687339591072
1792273,241.2 ,1687339591764
1792273,262.5 ,1687339591772
1792273,181.2 ,1687339592452
1792273,187.5 ,1687339592447
1792273,587.5 ,1687339593137
1792273,587.5 ,1687339593138
1792273,94.1 ,1687339593827
1792273,106.2 ,1687339593826
1792273,2872 ,1687339594552
1792273,2806 ,1687339594532
1792273,270.6 ,1687339595253
1792273,264.7 ,1687339595265
1792273,200.0 ,1687339595945
1792273,206.2 ,1687339595953
1792273,1256 ,1687339596652
1792273,1350 ,1687339596660
1792273,288.2 ,1687339597345
1792273,306.2 ,1687339597346
1792273,205.9 ,1687339598034
1792273,205.9 ,1687339598034
1792273,1788 ,1687339598740
1792273,1689 ,1687339598748
1792273,262.5 ,1687339599433
1792273,223.5 ,1687339599444
1792273,200.0 ,1687339600118
1792273,206.2 ,1687339600130
1792273,818.8 ,1687339600828
1792273,637.5 ,1687339600841
1792273,117.6 ,1687339601503
1792273,118.8 ,1687339601519
1792273,100.0 ,1687339602191
1792273,106.2 ,1687339602208
1792273,582.4 ,1687339602875
1792273,680.0 ,1687339602888
1792273,100.0 ,1687339603558
1792273,100.0 ,1687339603568
1792273,1281 ,1687339604238
1792273,1488 ,1687339604251
1792273,431.2 ,1687339604963
1792273,425.0 ,1687339604976
1792273,94.1 ,1687339605642
1792273,106.2 ,1687339605653
1792273,2811 ,1687339606368
1792273,2800 ,1687339606372
1792273,306.2 ,1687339607067
1792273,282.4 ,1687339607084
1792273,206.2 ,1687339607758
1792273,225.0 ,1687339607772
1792273,2438 ,1687339608474
1792273,1959 ,1687339608480
1792273,300.0 ,1687339609144
1792273,300.0 ,1687339609160
1792273,206.2 ,1687339609828
1792273,212.5 ,1687339609842
1792273,1761 ,1687339610534
1792273,1767 ,1687339610548
1792273,200.0 ,1687339611229
1792273,187.5 ,1687339611234
1792273,212.5 ,1687339611916
1792273,212.5 ,1687339611920
1792273,487.5 ,1687339612610
1792273,506.2 ,1687339612610
1792273,100.0 ,1687339613295
1792273,100.0 ,1687339613300
1792273,743.8 ,1687339613978
1792273,668.8 ,1687339613989
1792273,487.5 ,1687339614707
1792273,493.8 ,1687339614710
1792273,100.0 ,1687339615395
1792273,100.0 ,1687339615391
1792273,1438 ,1687339616082
1792273,1488 ,1687339616083
1792273,512.5 ,1687339616780
1792273,475.0 ,1687339616811
1792273,100.0 ,1687339617468
1792273,100.0 ,1687339617493
1792273,2684 ,1687339618204
1792273,2679 ,1687339618165
1792273,300.0 ,1687339618911
1792273,318.8 ,1687339618916
1792273,206.2 ,1687339619601
1792273,200.0 ,1687339619602
1792273,1663 ,1687339620304
1792273,1822 ,1687339620312
1792273,225.0 ,1687339620997
1792273,225.0 ,1687339621000
1792273,100.0 ,1687339621688
1792273,106.2 ,1687339621688
1792273,487.5 ,1687339622407
1792273,506.2 ,1687339622407
1792273,100.0 ,1687339623095
1792273,94.1 ,1687339623095
1792273,2515 ,1687339623808
1792273,2647 ,1687339623812
1792273,325.0 ,1687339624530
1792273,312.5 ,1687339624540
1792273,106.2 ,1687339625214
1792273,100.0 ,1687339625228
1792273,2571 ,1687339625928
1792273,2229 ,1687339625945
1792273,293.8 ,1687339626612
1792273,264.7 ,1687339626625
1792273,94.1 ,1687339627301
1792273,100.0 ,1687339627351
1792273,2926 ,1687339628024
1792273,2981 ,1687339628068
1792273,231.2 ,1687339628729
1792273,212.5 ,1687339628756
1792273,206.2 ,1687339629413
1792273,100.0 ,1687339629442
1792273,456.2 ,1687339630098
1792273,487.5 ,1687339630122
1792273,158.8 ,1687339630784
1792273,147.1 ,1687339630801
1792273,156.2 ,1687339631471
1792273,437.5 ,1687339631489
1792273,650.0 ,1687339632167
1792273,706.2 ,1687339632182
1792273,125.0 ,1687339632851
1792273,118.8 ,1687339632868
1792273,2806 ,1687339633584
1792273,3200 ,1687339633576
1792273,262.5 ,1687339634299
1792273,241.2 ,1687339634307
1792273,1788 ,1687339634983
1792273,2006 ,1687339634992
1792273,520.0 ,1687339635687
1792273,435.3 ,1687339635704
1792273,118.8 ,1687339636369
1792273,106.2 ,1687339636390
1792273,100.0 ,1687339637054
1792273,94.1 ,1687339637075
1792273,575.0 ,1687339637750
1792273,600.0 ,1687339637765
1792273,131.2 ,1687339638439
1792273,125.0 ,1687339638450
1792273,106.2 ,1687339639120
1792273,106.2 ,1687339639136
1792273,618.8 ,1687339639814
1792273,623.5 ,1687339639827
1792273,100.0 ,1687339640491
1792273,100.0 ,1687339640508
1792273,100.0 ,1687339641176
1792273,112.5 ,1687339641191
1792273,618.8 ,1687339641861
1792273,675.0 ,1687339641882
1792273,117.6 ,1687339642545
1792273,106.2 ,1687339642568
1792273,131.2 ,1687339643227
1792273,762.5 ,1687339643257
1792273,612.5 ,1687339643916
1792273,417.6 ,1687339643964
1792273,100.0 ,1687339644596
1792273,94.1 ,1687339644654
1792273,2794 ,1687339645320
1792273,2806 ,1687339645364
1792273,270.6 ,1687339646024
1792273,247.1 ,1687339646056
1792273,200.0 ,1687339646713
1792273,212.5 ,1687339646742
1792273,2400 ,1687339647424
1792273,1888 ,1687339647465
1792273,100.0 ,1687339648085
1792273,94.1 ,1687339648115
1792273,2961 ,1687339648793
1792273,2753 ,1687339648832
1792273,337.5 ,1687339649492
1792273,306.2 ,1687339649517
1792273,225.0 ,1687339650179
1792273,218.8 ,1687339650200
1792273,1829 ,1687339650888
1792273,1389 ,1687339650909
1792273,100.0 ,1687339651576
1792273,106.2 ,1687339651602
1792273,2841 ,1687339652316
1792273,2674 ,1687339652288
1792273,137.5 ,1687339652992
1792273,137.5 ,1687339652993
1792273,2844 ,1687339653680
1792273,2688 ,1687339653680
1792273,362.5 ,1687339654396
1792273,362.5 ,1687339654403
1792273,206.2 ,1687339655091
1792273,206.2 ,1687339655086
1792273,616.7 ,1687339655800
1792273,555.6 ,1687339655793
1792273,206.2 ,1687339656491
1792273,206.2 ,1687339656490
1792273,2544 ,1687339657176
1792273,2544 ,1687339657173
1792273,343.8 ,1687339657896
1792273,362.5 ,1687339657898
1792273,187.5 ,1687339658610
1792273,187.5 ,1687339658610
1792273,493.8 ,1687339659295
1792273,506.2 ,1687339659291
1792273,106.2 ,1687339659971
1792273,106.2 ,1687339659976
1792273,3200 ,1687339660687
1792273,2811 ,1687339660688
1792273,306.2 ,1687339661377
1792273,293.8 ,1687339661388
1792273,112.5 ,1687339662065
1792273,93.8 ,1687339662076
1792273,568.8 ,1687339662746
1792273,581.2 ,1687339662755
1792273,137.5 ,1687339663428
1792273,137.5 ,1687339663437
1792273,3161 ,1687339664153
1792273,3200 ,1687339664156
1792273,293.8 ,1687339664860
1792273,264.7 ,1687339664864
1792273,212.5 ,1687339665549
1792273,212.5 ,1687339665554
1792273,941.2 ,1687339666252
1792273,761.1 ,1687339666273
1792273,2947 ,1687339666949
1792273,3176 ,1687339666976
1792273,206.2 ,1687339667680
1792273,194.1 ,1687339667683
1792273,1669 ,1687339668369
1792273,1647 ,1687339668373
1792273,456.2 ,1687339669068
1792273,480.0 ,1687339669088
1792273,206.2 ,1687339669757
1792273,200.0 ,1687339669768
1792273,323.5 ,1687339670471
1792273,329.4 ,1687339670471
1792273,106.2 ,1687339671147
1792273,100.0 ,1687339671157
1792273,606.2 ,1687339671838
1792273,600.0 ,1687339671834
1792273,131.2 ,1687339672520
1792273,117.6 ,1687339672526
1792273,2800 ,1687339673240
1792273,2668 ,1687339673236
1792273,281.2 ,1687339673947
1792273,275.0 ,1687339673961
1792273,281.2 ,1687339674636
1792273,572.2 ,1687339674645
1792273,458.8 ,1687339675330
1792273,443.8 ,1687339675361
1792273,212.5 ,1687339676021
1792273,206.2 ,1687339676046
1792273,500.0 ,1687339676718
1792273,506.2 ,1687339676730
1792273,100.0 ,1687339677403
1792273,106.2 ,1687339677418
1792273,2182 ,1687339678112
1792273,1800 ,1687339678124
1792273,168.8 ,1687339678793
1792273,141.2 ,1687339678812
1792273,1081 ,1687339679476
1792273,1512 ,1687339679501
1792273,575.0 ,1687339680180
1792273,488.2 ,1687339680204
1792273,182.4 ,1687339680864
1792273,164.7 ,1687339680894
1792273,2888 ,1687339681554
1792273,3035 ,1687339681600
1792273,417.6 ,1687339682292
1792273,431.2 ,1687339682313
1792273,112.5 ,1687339682981
1792273,100.0 ,1687339682997
1792273,2794 ,1687339683708
1792273,2774 ,1687339683708
1792273,412.5 ,1687339684428
1792273,406.2 ,1687339684435
1792273,100.0 ,1687339685118
1792273,100.0 ,1687339685121
1792273,2606 ,1687339685824
1792273,2333 ,1687339685836
1792273,106.2 ,1687339686515
1792273,106.2 ,1687339686525
1792273,2965 ,1687339687213
1792273,2829 ,1687339687204
1792273,431.2 ,1687339687904
1792273,425.0 ,1687339687918
1792273,100.0 ,1687339688585
1792273,94.1 ,1687339688614
1792273,2856 ,1687339689308
1792273,2839 ,1687339689328
1792273,362.5 ,1687339690009
1792273,356.2 ,1687339690026
1792273,94.1 ,1687339690698
1792273,100.0 ,1687339690709
1792273,2550 ,1687339691416
1792273,2178 ,1687339691432
1792273,193.8 ,1687339692090
1792273,156.2 ,1687339692127
1792273,875.0 ,1687339692772
1792273,1519 ,1687339692813
1792273,517.6 ,1687339693462
1792273,462.5 ,1687339693531
1792273,100.0 ,1687339694153
1792273,106.2 ,1687339694221
1792273,3000 ,1687339694872
1792273,2642 ,1687339694948
1792273,287.5 ,1687339695596
1792273,158.8 ,1687339695660
1792273,106.2 ,1687339696284
1792273,100.0 ,1687339696349
1792273,537.5 ,1687339696967
1792273,612.5 ,1687339697032
1792273,200.0 ,1687339697653
1792273,206.2 ,1687339697711
1792273,827.8 ,1687339698360
1792273,575.0 ,1687339698406
1792273,94.1 ,1687339699053
1792273,106.2 ,1687339699092
1792273,2519 ,1687339699740
1792273,2976 ,1687339699782
1792273,411.8 ,1687339700462
1792273,376.5 ,1687339700504
1792273,106.2 ,1687339701150
1792273,106.2 ,1687339701188
1792273,2872 ,1687339701876
1792273,2806 ,1687339701908
1792273,318.8 ,1687339702587
1792273,262.5 ,1687339702628
1792273,1344 ,1687339703277
1792273,2094 ,1687339703318
1792273,431.2 ,1687339703991
1792273,412.5 ,1687339704036
1792273,193.8 ,1687339704678
1792273,143.8 ,1687339704718
1792273,568.8 ,1687339705380
1792273,488.2 ,1687339705403
1792273,100.0 ,1687339706062
1792273,93.8 ,1687339706093
1792273,662.5 ,1687339706747
1792273,529.4 ,1687339706771
1792273,100.0 ,1687339707431
1792273,100.0 ,1687339707461
1792273,2822 ,1687339708144
1792273,2647 ,1687339708176
1792273,225.0 ,1687339708837
1792273,200.0 ,1687339708861
1792273,100.0 ,1687339709522
1792273,106.2 ,1687339709549
1792273,550.0 ,1687339710207
1792273,568.8 ,1687339710232
1792273,3200 ,1687339710920
1792273,3162 ,1687339710944
1792273,231.2 ,1687339711591
1792273,187.5 ,1687339711621
1792273,106.2 ,1687339712275
1792273,100.0 ,1687339712305
1792273,637.5 ,1687339712963
1792273,631.2 ,1687339712991
1792273,200.0 ,1687339713646
1792273,200.0 ,1687339713671
1792273,531.2 ,1687339714331
1792273,531.2 ,1687339714355
1792273,106.2 ,1687339715015
1792273,106.2 ,1687339715035
1792273,3035 ,1687339715732
1792273,2988 ,1687339715744
1792273,264.7 ,1687339716442
1792273,270.6 ,1687339716443
1792273,106.2 ,1687339717131
1792273,106.2 ,1687339717131
1792273,525.0 ,1687339717817
1792273,556.2 ,1687339717817
1792273,206.2 ,1687339718498
1792273,194.1 ,1687339718504
1792273,1388 ,1687339719212
1792273,1388 ,1687339719216
1792273,100.0 ,1687339719890
1792273,106.2 ,1687339719890
1792273,1681 ,1687339720576
1792273,1681 ,1687339720576
1792273,393.8 ,1687339721295
1792273,358.8 ,1687339721291
1792273,106.2 ,1687339721978
1792273,100.0 ,1687339721980
1792273,631.2 ,1687339722664
1792273,656.2 ,1687339722668
1792273,170.6 ,1687339723345
1792273,181.2 ,1687339723354
1792273,405.9 ,1687339724064
1792273,416.7 ,1687339724057
1792273,252.9 ,1687339724748
1792273,268.8 ,1687339724746
1792273,100.0 ,1687339725432
1792273,100.0 ,1687339725429
1792273,587.5 ,1687339726113
1792273,600.0 ,1687339726116
1792273,106.2 ,1687339726800
1792273,100.0 ,1687339726802
1792273,656.2 ,1687339727487
1792273,681.2 ,1687339727491
1792273,212.5 ,1687339728171
1792273,206.2 ,1687339728176
1792273,1528 ,1687339728888
1792273,1256 ,1687339728884
1792273,100.0 ,1687339729570
1792273,100.0 ,1687339729570
1792273,2806 ,1687339730276
1792273,2658 ,1687339730296
1792273,268.8 ,1687339730988
1792273,218.8 ,1687339731019
1792273,106.2 ,1687339731676
1792273,852.9 ,1687339731701
1792273,641.2 ,1687339732362
1792273,468.8 ,1687339732451
1792273,106.2 ,1687339733050
1792273,131.2 ,1687339733134
1792273,2839 ,1687339733764
1792273,1679 ,1687339733856
1792273,152.9 ,1687339734455
1792273,112.5 ,1687339734533
1792273,100.0 ,1687339735140
1792273,925.0 ,1687339735219
1792273,643.8 ,1687339735821
1792273,456.2 ,1687339735936
1792273,187.5 ,1687339736509
1792273,193.8 ,1687339736620
1792273,942.1 ,1687339737216
1792273,525.0 ,1687339737309
1792273,94.1 ,1687339737913
1792273,100.0 ,1687339737990
1792273,2994 ,1687339738629
1792273,2384 ,1687339738708
1792273,137.5 ,1687339739339
1792273,106.2 ,1687339739393
1792273,706.2 ,1687339740028
1792273,1425 ,1687339740080
1792273,470.6 ,1687339740733
1792273,450.0 ,1687339740797
1792273,100.0 ,1687339741421
1792273,100.0 ,1687339741485
1792273,2767 ,1687339742136
1792273,2394 ,1687339742196
1792273,106.2 ,1687339742823
1792273,94.1 ,1687339742865
1792273,2456 ,1687339743506
1792273,2982 ,1687339743552
1792273,250.0 ,1687339744227
1792273,147.1 ,1687339744284
1792273,2506 ,1687339744918
1792273,2933 ,1687339745000
1792273,323.5 ,1687339745642
1792273,235.3 ,1687339745724
1792273,925.0 ,1687339746329
1792273,2238 ,1687339746412
1792273,417.6 ,1687339747042
1792273,312.5 ,1687339747132
1792273,1450 ,1687339747733
1792273,3088 ,1687339747820
1792273,343.8 ,1687339748454
1792273,205.9 ,1687339748543
1792273,262.5 ,1687339749146
1792273,1756 ,1687339749230
1792273,575.0 ,1687339749839
1792273,431.2 ,1687339749938
1792273,200.0 ,1687339750531
1792273,106.2 ,1687339750629
1792273,618.8 ,1687339751217
1792273,612.5 ,1687339751316
1792273,106.2 ,1687339751902
1792273,393.8 ,1687339752000
1792273,593.8 ,1687339752586
1792273,406.2 ,1687339752706
1792273,106.2 ,1687339753274
1792273,1762 ,1687339753397
1792273,587.5 ,1687339753957
1792273,356.2 ,1687339754104
1792273,100.0 ,1687339754642
1792273,1744 ,1687339754788
1792273,643.8 ,1687339755329
1792273,362.5 ,1687339755495
1792273,168.8 ,1687339756008
1792273,100.0 ,1687339756177
1792273,1617 ,1687339756724
1792273,587.5 ,1687339756863
1792273,106.2 ,1687339757411
1792273,206.2 ,1687339757548
1792273,2622 ,1687339758136
1792273,757.9 ,1687339758264
1792273,187.5 ,1687339758826
1792273,100.0 ,1687339758954
1792273,570.6 ,1687339759506
1792273,525.0 ,1687339759640
1792273,206.2 ,1687339760190
1792273,193.8 ,1687339760329
1792273,1578 ,1687339760912
1792273,506.2 ,1687339761015
1792273,206.2 ,1687339761588
1792273,100.0 ,1687339761692
1792273,518.8 ,1687339762270
1792273,594.1 ,1687339762372
1792273,182.4 ,1687339762954
1792273,182.4 ,1687339763064
1792273,1700 ,1687339763669
1792273,531.2 ,1687339763752
1792273,106.2 ,1687339764321
1792273,137.5 ,1687339764434
1792273,3053 ,1687339765036
1792273,1295 ,1687339765148
1792273,125.0 ,1687339765736
1792273,94.1 ,1687339765842
1792273,2931 ,1687339766422
1792273,2772 ,1687339766568
1792273,337.5 ,1687339767132
1792273,181.2 ,1687339767268
1792273,1119 ,1687339767820
1792273,2861 ,1687339767972
1792273,406.2 ,1687339768519
1792273,125.0 ,1687339768692
1792273,113.3 ,1687339769207
1792273,2194 ,1687339769380
1792273,637.5 ,1687339769888
1792273,182.4 ,1687339770103
1792273,100.0 ,1687339770605
1792273,2219 ,1687339770791
1792273,700.0 ,1687339771284
1792273,194.1 ,1687339771496
1792273,106.2 ,1687339771970
1792273,2833 ,1687339772216
1792273,250.0 ,1687339772652
1792273,1800 ,1687339772949
1792273,443.8 ,1687339773352
1792273,1112 ,1687339773676
1792273,1061 ,1687339774077
1792273,206.2 ,1687339774388
1792273,117.6 ,1687339774753
1792273,2800 ,1687339775108
1792273,643.8 ,1687339775438
1792273,106.2 ,1687339775815
1792273,100.0 ,1687339776119
1792273,2761 ,1687339776540
1792273,425.0 ,1687339776807
1792273,100.0 ,1687339777232
1792273,2900 ,1687339777528
1792273,570.6 ,1687339777913
1792273,331.2 ,1687339778241
1792273,100.0 ,1687339778598
1792273,100.0 ,1687339778928
1792273,756.2 ,1687339779288
1792273,2595 ,1687339779636
1792273,343.8 ,1687339780008
1792273,100.0 ,1687339780336
1792273,1012 ,1687339780690
1792273,1861 ,1687339781048
1792273,252.9 ,1687339781404
1792273,206.2 ,1687339781739
1792273,1956 ,1687339782090
1792273,1441 ,1687339782440
1792273,175.0 ,1687339782808
1792273,218.8 ,1687339783118
1792273,3200 ,1687339783520
1792273,600.0 ,1687339783818
1792273,106.2 ,1687339784252
1792273,194.1 ,1687339784504
1792273,2858 ,1687339784957
1792273,587.5 ,1687339785197
1792273,106.2 ,1687339785693
1792273,200.0 ,1687339785880
1792273,2988 ,1687339786400
1792273,605.9 ,1687339786592
1792273,206.2 ,1687339787117
1792273,100.0 ,1687339787292
1792273,1168 ,1687339787820
1792273,641.2 ,1687339787976
1792273,206.2 ,1687339788508
1792273,106.2 ,1687339788660
1792273,929.4 ,1687339789217
1792273,568.8 ,1687339789347
1792273,100.0 ,1687339789906
1792273,1000 ,1687339790036
1792273,712.5 ,1687339790588
1792273,293.8 ,1687339790748
1792273,100.0 ,1687339791273
1792273,2482 ,1687339791434
1792273,637.5 ,1687339791960
1792273,247.1 ,1687339792132
1792273,131.2 ,1687339792645
1792273,2959 ,1687339792821
1792273,506.2 ,1687339793338
1792273,164.7 ,1687339793513
1792273,100.0 ,1687339794026
1792273,2950 ,1687339794200
1792273,376.5 ,1687339794711
1792273,94.1 ,1687339794932
1792273,2112 ,1687339795400
1792273,2711 ,1687339795648
1792273,106.2 ,1687339796129
1792273,206.2 ,1687339796340
1792273,2853 ,1687339796842
1792273,600.0 ,1687339797032
1792273,100.0 ,1687339797545
1792273,100.0 ,1687339797721
1792273,1688 ,1687339798260
1792273,650.0 ,1687339798408
1792273,188.2 ,1687339798934
1792273,94.1 ,1687339799092
1792273,923.5 ,1687339799637
1792273,668.8 ,1687339799778
1792273,182.4 ,1687339800325
1792273,343.8 ,1687339800461
1792273,531.2 ,1687339801013
1792273,388.2 ,1687339801164
1792273,100.0 ,1687339801692
1792273,2206 ,1687339801853
1792273,625.0 ,1687339802374
1792273,170.6 ,1687339802562
1792273,100.0 ,1687339803053
1792273,2750 ,1687339803251
1792273,631.2 ,1687339803734
1792273,150.0 ,1687339803952
1792273,1681 ,1687339804417
1792273,2758 ,1687339804668
1792273,268.8 ,1687339805127
1792273,106.2 ,1687339805355
1792273,493.8 ,1687339805816
1792273,2716 ,1687339806068
1792273,356.2 ,1687339806541
1792273,106.2 ,1687339806796
1792273,753.3 ,1687339807228
1792273,3071 ,1687339807498
1792273,150.0 ,1687339807921
1792273,100.0 ,1687339808203
1792273,1605 ,1687339808632
1792273,487.5 ,1687339808887
1792273,94.1 ,1687339809325
1792273,100.0 ,1687339809572
1792273,2344 ,1687339810044
1792273,618.8 ,1687339810258
1792273,106.2 ,1687339810712
1792273,200.0 ,1687339810937
1792273,2811 ,1687339811436
1792273,570.6 ,1687339811629
1792273,212.5 ,1687339812128
1792273,100.0 ,1687339812308
1792273,888.9 ,1687339812848
1792273,575.0 ,1687339812991
1792273,529.4 ,1687339813531
1792273,3024 ,1687339813671
1792273,287.5 ,1687339814224
1792273,100.0 ,1687339814400
1792273,2806 ,1687339814932
1792273,2212 ,1687339815116
1792273,106.2 ,1687339815671
1792273,200.0 ,1687339815799
1792273,2428 ,1687339816366
1792273,588.2 ,1687339816504
1792273,112.5 ,1687339817064
1792273,193.8 ,1687339817189
1792273,1400 ,1687339817784
1792273,488.2 ,1687339817875
1792273,164.7 ,1687339818474
1792273,150.0 ,1687339818558
1792273,600.0 ,1687339819178
1792273,612.5 ,1687339819242
1792273,868.8 ,1687339819862
1792273,1975 ,1687339819924
1792273,135.3 ,1687339820574
1792273,100.0 ,1687339820639
1792273,2661 ,1687339821300
1792273,2794 ,1687339821368
1792273,181.2 ,1687339822017
1792273,170.6 ,1687339822044
1792273,564.7 ,1687339822714
1792273,518.8 ,1687339822730
1792273,852.9 ,1687339823415
1792273,794.1 ,1687339823399
1792273,100.0 ,1687339824124
1792273,100.0 ,1687339824124
1792273,587.5 ,1687339824811
1792273,587.5 ,1687339824812
1792273,1725 ,1687339825496
1792273,1800 ,1687339825497
1792273,168.8 ,1687339826191
1792273,150.0 ,1687339826216
1792273,2189 ,1687339826912
1792273,2044 ,1687339826924
1792273,2906 ,1687339827656
1792273,2517 ,1687339827652
1792273,2678 ,1687339828348
1792273,2489 ,1687339828356
1792273,2731 ,1687339829060
1792273,2300 ,1687339829068
1792273,2033 ,1687339829780
1792273,1863 ,1687339829776
1792273,2156 ,1687339830492
1792273,2056 ,1687339830500
1792273,1700 ,1687339831208
1792273,1667 ,1687339831204
1792273,1467 ,1687339831916
1792273,1406 ,1687339831928
1792273,2872 ,1687339832624
1792273,3200 ,1687339832628
1792273,1962 ,1687339833359
1792273,2038 ,1687339833359
1792273,100.0 ,1687339834076
1792273,94.1 ,1687339834072
1792273,2188 ,1687339834784
1792273,1568 ,1687339834785
1792273,187.5 ,1687339835448
1792273,106.2 ,1687339835484
1792273,562.5 ,1687339836135
1792273,625.0 ,1687339836166
1792273,1125 ,1687339836814
1792273,1800 ,1687339836853
1792273,193.8 ,1687339837519
1792273,147.1 ,1687339837544
1792273,2861 ,1687339838232
1792273,2806 ,1687339838252
1792273,94.1 ,1687339838944
1792273,100.0 ,1687339838960
1792273,1856 ,1687339839634
1792273,1363 ,1687339839676
1792273,629.4 ,1687339840338
1792273,970.6 ,1687339840374
1792273,137.5 ,1687339841070
1792273,125.0 ,1687339841075
1792273,2200 ,1687339841792
1792273,1968 ,1687339841776
1792273,106.2 ,1687339842474
1792273,106.2 ,1687339842477
1792273,662.5 ,1687339843155
1792273,625.0 ,1687339843162
1792273,837.5 ,1687339843838
1792273,858.8 ,1687339843843
1792273,247.1 ,1687339844554
1792273,237.5 ,1687339844576
1792273,2912 ,1687339845247
1792273,3100 ,1687339845296
1792273,106.2 ,1687339845972
1792273,106.2 ,1687339846001
1792273,2469 ,1687339846690
1792273,1467 ,1687339846712
1792273,106.2 ,1687339847357
1792273,93.8 ,1687339847402
1792273,682.4 ,1687339848044
1792273,682.4 ,1687339848085
1792273,100.0 ,1687339848731
1792273,100.0 ,1687339848773
1792273,2772 ,1687339849446
1792273,2761 ,1687339849480
1792273,106.2 ,1687339850162
1792273,194.1 ,1687339850185
1792273,1829 ,1687339850880
1792273,1339 ,1687339850900
1792273,100.0 ,1687339851552
1792273,743.8 ,1687339851588
1792273,318.8 ,1687339852242
1792273,162.5 ,1687339852316
1792273,3117 ,1687339852964
1792273,2633 ,1687339853036
1792273,200.0 ,1687339853691
1792273,200.0 ,1687339853723
1792273,956.2 ,1687339854408
1792273,576.5 ,1687339854424
1792273,1606 ,1687339855082
1792273,2212 ,1687339855109
1792273,147.1 ,1687339855804
1792273,137.5 ,1687339855818
1792273,2878 ,1687339856512
1792273,2806 ,1687339856540
1792273,100.0 ,1687339857223
1792273,181.2 ,1687339857249
1792273,1828 ,1687339857940
1792273,1400 ,1687339857968
1792273,100.0 ,1687339858614
1792273,812.5 ,1687339858657
1792273,235.3 ,1687339859302
1792273,162.5 ,1687339859355
1792273,2658 ,1687339860016
1792273,2711 ,1687339860068
1792273,212.5 ,1687339860733
1792273,200.0 ,1687339860760
1792273,1316 ,1687339861448
1792273,936.8 ,1687339861468
1792273,187.5 ,1687339862140
1792273,200.0 ,1687339862167
1792273,761.1 ,1687339862856
1792273,476.5 ,1687339862873
1792273,1947 ,1687339863556
1792273,1806 ,1687339863580
1792273,206.2 ,1687339864242
1792273,200.0 ,1687339864247
1792273,625.0 ,1687339864945
1792273,612.5 ,1687339864945
1792273,94.1 ,1687339865627
1792273,100.0 ,1687339865626
1792273,512.5 ,1687339866312
1792273,452.9 ,1687339866315
1792273,100.0 ,1687339866998
1792273,187.5 ,1687339867001
1792273,331.2 ,1687339867681
1792273,300.0 ,1687339867690
1792273,2469 ,1687339868366
1792273,2600 ,1687339868378
1792273,106.2 ,1687339869083
1792273,100.0 ,1687339869096
1792273,1882 ,1687339869796
1792273,1583 ,1687339869804
1792273,100.0 ,1687339870472
1792273,100.0 ,1687339870489
1792273,481.2 ,1687339871159
1792273,437.5 ,1687339871169
1792273,2511 ,1687339871876
1792273,2517 ,1687339871888
1792273,147.1 ,1687339872560
1792273,147.1 ,1687339872567
1792273,668.8 ,1687339873254
1792273,681.2 ,1687339873252
1792273,94.1 ,1687339873936
1792273,94.1 ,1687339873934
1792273,2978 ,1687339874649
1792273,2844 ,1687339874645
1792273,193.8 ,1687339875357
1792273,200.0 ,1687339875371
1792273,556.2 ,1687339876041
1792273,525.0 ,1687339876055
1792273,1950 ,1687339876722
1792273,2312 ,1687339876740
1792273,100.0 ,1687339877436
1792273,100.0 ,1687339877455
1792273,2618 ,1687339878164
1792273,2211 ,1687339878168
1792273,193.8 ,1687339878840
1792273,193.8 ,1687339878852
1792273,512.5 ,1687339879521
1792273,506.2 ,1687339879533
1792273,3000 ,1687339880200
1792273,2829 ,1687339880236
1792273,187.5 ,1687339880891
1792273,176.5 ,1687339880932
1792273,927.8 ,1687339881604
1792273,552.9 ,1687339881646
1792273,2971 ,1687339882328
1792273,2806 ,1687339882364
1792273,100.0 ,1687339883047
1792273,94.1 ,1687339883076
1792273,687.5 ,1687339883735
1792273,618.8 ,1687339883759
1792273,2706 ,1687339884417
1792273,3056 ,1687339884443
1792273,106.2 ,1687339885127
1792273,106.2 ,1687339885128
1792273,1859 ,1687339885840
1792273,1653 ,1687339885848
1792273,768.8 ,1687339886530
1792273,811.8 ,1687339886519
1792273,206.2 ,1687339887228
1792273,200.0 ,1687339887243
1792273,2411 ,1687339887948
1792273,2353 ,1687339887944
1792273,137.5 ,1687339888639
1792273,350.0 ,1687339888651
1792273,212.5 ,1687339889338
1792273,206.2 ,1687339889345
1792273,1431 ,1687339890061
1792273,1150 ,1687339890040
1792273,1918 ,1687339890732
1792273,1969 ,1687339890727
1792273,100.0 ,1687339891436
1792273,106.2 ,1687339891450
1792273,2178 ,1687339892148
1792273,2047 ,1687339892172
1792273,975.0 ,1687339892830
1792273,1182 ,1687339892845
1792273,200.0 ,1687339893537
1792273,188.2 ,1687339893563
1792273,810.5 ,1687339894256
1792273,550.0 ,1687339894264
1792273,3071 ,1687339894938
1792273,3153 ,1687339894953
1792273,168.8 ,1687339895651
1792273,100.0 ,1687339895675
1792273,573.3 ,1687339896327
1792273,587.5 ,1687339896356
1792273,2181 ,1687339897003
1792273,2900 ,1687339897037
1792273,181.2 ,1687339897712
1792273,170.6 ,1687339897743
1792273,1194 ,1687339898416
1792273,676.5 ,1687339898464
1792273,2356 ,1687339899146
1792273,1988 ,1687339899121
1792273,187.5 ,1687339899836
1792273,200.0 ,1687339899860
1792273,1100 ,1687339900548
1792273,750.0 ,1687339900576
1792273,1281 ,1687339901229
1792273,1712 ,1687339901261
1792273,175.0 ,1687339901918
1792273,175.0 ,1687339901965
1792273,727.8 ,1687339902628
1792273,556.2 ,1687339902651
1792273,2828 ,1687339903332
1792273,2944 ,1687339903360
1792273,193.8 ,1687339904056
1792273,188.2 ,1687339904083
1792273,1435 ,1687339904768
1792273,1356 ,1687339904792
1792273,2681 ,1687339905460
1792273,3069 ,1687339905487
1792273,170.6 ,1687339906156
1792273,187.5 ,1687339906195
1792273,544.4 ,1687339906866
1792273,481.2 ,1687339906881
1792273,2872 ,1687339907604
1792273,2872 ,1687339907588
1792273,100.0 ,1687339908308
1792273,94.1 ,1687339908305
1792273,175.0 ,1687339908986
1792273,175.0 ,1687339908991
1792273,462.5 ,1687339909666
1792273,462.5 ,1687339909675
1792273,510.0 ,1687339910377
1792273,772.2 ,1687339910396
1792273,1319 ,1687339911112
1792273,730.0 ,1687339911104
1792273,1537 ,1687339911808
1792273,1279 ,1687339911822
1792273,1913 ,1687339912497
1792273,2219 ,1687339912517
1792273,205.9 ,1687339913204
1792273,206.2 ,1687339913236
1792273,650.0 ,1687339913902
1792273,531.2 ,1687339913917
1792273,3011 ,1687339914608
1792273,3182 ,1687339914636
1792273,106.2 ,1687339915340
1792273,106.2 ,1687339915340
1792273,612.5 ,1687339916023
1792273,606.2 ,1687339916024
1792273,2926 ,1687339916724
1792273,2878 ,1687339916718
1792273,106.2 ,1687339917452
1792273,100.0 ,1687339917458
1792273,287.5 ,1687339918132
1792273,218.8 ,1687339918147
1792273,2347 ,1687339918852
1792273,2211 ,1687339918864
1792273,106.2 ,1687339919543
1792273,106.2 ,1687339919550
1792273,462.5 ,1687339920222
1792273,287.5 ,1687339920241
1792273,2888 ,1687339920932
1792273,2733 ,1687339920937
1792273,93.8 ,1687339921637
1792273,93.8 ,1687339921644
1792273,250.0 ,1687339922327
1792273,237.5 ,1687339922327
1792273,2294 ,1687339923056
1792273,2367 ,1687339923044
1792273,1994 ,1687339923721
1792273,1871 ,1687339923722
1792273,175.0 ,1687339924420
1792273,175.0 ,1687339924433
1792273,550.0 ,1687339925103
1792273,575.0 ,1687339925116
1792273,2800 ,1687339925788
1792273,2794 ,1687339925809
1792273,100.0 ,1687339926483
1792273,100.0 ,1687339926508
1792273,3047 ,1687339927200
1792273,3011 ,1687339927220
1792273,94.1 ,1687339927923
1792273,181.2 ,1687339927933
1792273,225.0 ,1687339928624
1792273,212.5 ,1687339928626
1792273,611.1 ,1687339929332
1792273,616.7 ,1687339929328
1792273,3059 ,1687339930049
1792273,2926 ,1687339930048
1792273,175.0 ,1687339930768
1792273,181.2 ,1687339930780
1792273,464.7 ,1687339931456
1792273,493.8 ,1687339931458
1792273,2969 ,1687339932143
1792273,3006 ,1687339932143
1792273,106.2 ,1687339932852
1792273,100.0 ,1687339932867
1792273,431.2 ,1687339933538
1792273,312.5 ,1687339933549
1792273,2726 ,1687339934252
1792273,3006 ,1687339934276
1792273,175.0 ,1687339934968
1792273,175.0 ,1687339934972
1792273,575.0 ,1687339935655
1792273,575.0 ,1687339935647
1792273,3200 ,1687339936360
1792273,2971 ,1687339936349
1792273,100.0 ,1687339937063
1792273,100.0 ,1687339937080
1792273,231.2 ,1687339937743
1792273,175.0 ,1687339937773
1792273,2812 ,1687339938441
1792273,1983 ,1687339938480
1792273,1294 ,1687339939128
1792273,2125 ,1687339939173
1792273,176.5 ,1687339939834
1792273,187.5 ,1687339939896
1792273,587.5 ,1687339940541
1792273,547.1 ,1687339940582
1792273,2375 ,1687339941222
1792273,2965 ,1687339941271
1792273,168.8 ,1687339941931
1792273,168.8 ,1687339942001
1792273,593.8 ,1687339942637
1792273,560.0 ,1687339942687
1792273,3169 ,1687339943335
1792273,3029 ,1687339943392
1792273,106.2 ,1687339944035
1792273,100.0 ,1687339944074
1792273,525.0 ,1687339944722
1792273,287.5 ,1687339944762
1792273,2919 ,1687339945405
1792273,2972 ,1687339945468
1792273,181.2 ,1687339946104
1792273,118.8 ,1687339946188
1792273,582.4 ,1687339946807
1792273,606.2 ,1687339946876
1792273,982.4 ,1687339947485
1792273,2588 ,1687339947567
1792273,175.0 ,1687339948208
1792273,181.2 ,1687339948295
1792273,1161 ,1687339948916
1792273,487.5 ,1687339948982
1792273,2795 ,1687339949644
1792273,3006 ,1687339949704
1792273,106.2 ,1687339950376
1792273,100.0 ,1687339950417
1792273,211.8 ,1687339951065
1792273,143.8 ,1687339951101
1792273,1988 ,1687339951768
1792273,1675 ,1687339951824
1792273,2419 ,1687339952448
1792273,2844 ,1687339952474
1792273,182.4 ,1687339953164
1792273,193.8 ,1687339953172
1792273,531.2 ,1687339953860
1792273,531.2 ,1687339953859
1792273,2872 ,1687339954568
1792273,3017 ,1687339954568
1792273,93.8 ,1687339955266
1792273,137.5 ,1687339955273
1792273,181.2 ,1687339955958
1792273,181.2 ,1687339955959
1792273,561.1 ,1687339956668
1792273,529.4 ,1687339956672
1792273,2783 ,1687339957377
1792273,2678 ,1687339957388
1792273,1724 ,1687339958070
1792273,1906 ,1687339958080
1792273,187.5 ,1687339958780
1792273,182.4 ,1687339958795
1792273,535.3 ,1687339959482
1792273,523.5 ,1687339959486
1792273,2650 ,1687339960188
1792273,2383 ,1687339960196
1792273,100.0 ,1687339960869
1792273,106.2 ,1687339960889
1792273,293.8 ,1687339961555
1792273,268.8 ,1687339961572
1792273,2806 ,1687339962276
1792273,2971 ,1687339962284
1792273,100.0 ,1687339962996
1792273,106.2 ,1687339963004
1792273,262.5 ,1687339963686
1792273,243.8 ,1687339963689
1792273,3118 ,1687339964400
1792273,2700 ,1687339964412
1792273,100.0 ,1687339965082
1792273,100.0 ,1687339965099
1792273,181.2 ,1687339965765
1792273,118.8 ,1687339965806
1792273,2876 ,1687339966472
1792273,1916 ,1687339966516
1792273,100.0 ,1687339967159
1792273,318.8 ,1687339967219
1792273,318.8 ,1687339967847
1792273,193.8 ,1687339967908
1792273,2844 ,1687339968548
1792273,3039 ,1687339968616
1792273,106.2 ,1687339969271
1792273,862.5 ,1687339969337
1792273,237.5 ,1687339969955
1792273,100.0 ,1687339970051
1792273,2947 ,1687339970684
1792273,3006 ,1687339970756
1792273,181.2 ,1687339971380
1792273,187.5 ,1687339971462
1792273,544.4 ,1687339972093
1792273,517.6 ,1687339972143
1792273,2867 ,1687339972812
1792273,2794 ,1687339972864
1792273,94.1 ,1687339973524
1792273,1100 ,1687339973588
1792273,164.7 ,1687339974212
1792273,100.0 ,1687339974296
1792273,2495 ,1687339974940
1792273,1629 ,1687339975012
1792273,943.8 ,1687339975619
1792273,2262 ,1687339975690
1792273,181.2 ,1687339976348
1792273,100.0 ,1687339976410
1792273,506.2 ,1687339977038
1792273,543.8 ,1687339977091
1792273,2875 ,1687339977714
1792273,2847 ,1687339977800
1792273,200.0 ,1687339978412
1792273,206.2 ,1687339978508
1792273,562.5 ,1687339979124
1792273,487.5 ,1687339979189
1792273,2800 ,1687339979836
1792273,2637 ,1687339979916
1792273,1541 ,1687339980555
1792273,2344 ,1687339980596
1792273,181.2 ,1687339981245
1792273,193.8 ,1687339981290
1792273,594.1 ,1687339981955
1792273,417.6 ,1687339981975
1792273,2847 ,1687339982668
1792273,2861 ,1687339982685
1792273,2238 ,1687339983375
1792273,2169 ,1687339983369
1792273,106.2 ,1687339984079
1792273,94.1 ,1687339984091
1792273,225.0 ,1687339984768
1792273,193.8 ,1687339984779
1792273,1361 ,1687339985488
1792273,1376 ,1687339985484
1792273,2529 ,1687339986165
1792273,2894 ,1687339986176
1792273,200.0 ,1687339986872
1792273,206.2 ,1687339986892
1792273,600.0 ,1687339987564
1792273,568.8 ,1687339987565
1792273,1556 ,1687339988246
1792273,1625 ,1687339988249
1792273,200.0 ,1687339988944
1792273,200.0 ,1687339988959
1792273,1294 ,1687339989652
1792273,938.9 ,1687339989668
1792273,1694 ,1687339990330
1792273,2331 ,1687339990367
1792273,106.2 ,1687339991028
1792273,88.2 ,1687339991083
1792273,287.5 ,1687339991714
1792273,162.5 ,1687339991765
1792273,400.0 ,1687339992396
1792273,375.0 ,1687339992445
1792273,482.4 ,1687339993105
1792273,362.5 ,1687339993126
1792273,464.7 ,1687339993812
1792273,418.8 ,1687339993812
1792273,570.6 ,1687339994510
1792273,531.2 ,1687339994513
1792273,533.3 ,1687339995216
1792273,572.2 ,1687339995225
1792273,1253 ,1687339995936
1792273,1141 ,1687339995936
1792273,1453 ,1687339996648
1792273,1468 ,1687339996652
1792273,1761 ,1687339997364
1792273,1894 ,1687339997352
1792273,1706 ,1687339998080
1792273,1675 ,1687339998080
1792273,1324 ,1687339998776
1792273,1250 ,1687339998788
1792273,1829 ,1687339999485
1792273,1500 ,1687339999520
1792273,1328 ,1687340000208
1792273,1200 ,1687340000224
1792273,1628 ,1687340000915
1792273,1524 ,1687340000944
1792273,1659 ,1687340001628
1792273,1161 ,1687340001656
1792273,1400 ,1687340002332
1792273,957.9 ,1687340002372
1792273,2822 ,1687340003045
1792273,2806 ,1687340003112
1792273,570.6 ,1687340003764
1792273,1200 ,1687340003798
1792273,181.2 ,1687340004476
1792273,168.8 ,1687340004512
1792273,1376 ,1687340005192
1792273,938.9 ,1687340005225
1792273,1806 ,1687340005861
1792273,2456 ,1687340005900
1792273,175.0 ,1687340006580
1792273,175.0 ,1687340006620
1792273,575.0 ,1687340007269
1792273,481.2 ,1687340007309
1792273,2941 ,1687340007976
1792273,2733 ,1687340008020
1792273,1106 ,1687340008686
1792273,1469 ,1687340008706
1792273,164.7 ,1687340009418
1792273,168.8 ,1687340009436
1792273,456.2 ,1687340010106
1792273,468.8 ,1687340010124
1792273,2959 ,1687340010834
1792273,3200 ,1687340010828
1792273,394.1 ,1687340011536
1792273,638.9 ,1687340011535
1792273,106.2 ,1687340012246
1792273,100.0 ,1687340012270
1792273,1647 ,1687340012972
1792273,1350 ,1687340012976
1792273,187.5 ,1687340013651
1792273,182.4 ,1687340013665
1792273,493.8 ,1687340014338
1792273,500.0 ,1687340014349
1792273,2871 ,1687340015025
1792273,2994 ,1687340015035
1792273,100.0 ,1687340015740
1792273,100.0 ,1687340015744
1792273,243.8 ,1687340016420
1792273,240.0 ,1687340016426
1792273,1841 ,1687340017128
1792273,1672 ,1687340017128
1792273,3100 ,1687340017816
1792273,3100 ,1687340017816
1792273,100.0 ,1687340018540
1792273,94.1 ,1687340018536
1792273,256.2 ,1687340019220
1792273,229.4 ,1687340019219
1792273,2842 ,1687340019932
1792273,2971 ,1687340019948
1792273,175.0 ,1687340020655
1792273,175.0 ,1687340020679
1792273,558.8 ,1687340021369
1792273,537.5 ,1687340021375
1792273,2244 ,1687340022050
1792273,2244 ,1687340022052
1792273,106.2 ,1687340022776
1792273,106.2 ,1687340022779
1792273,300.0 ,1687340023456
1792273,300.0 ,1687340023459
1792273,2976 ,1687340024176
1792273,2976 ,1687340024168
1792273,187.5 ,1687340024888
1792273,193.8 ,1687340024892
1792273,512.5 ,1687340025572
1792273,525.0 ,1687340025595
1792273,2906 ,1687340026289
1792273,2805 ,1687340026308
1792273,176.5 ,1687340027004
1792273,182.4 ,1687340027024
1792273,481.2 ,1687340027690
1792273,481.2 ,1687340027709
1792273,2988 ,1687340028392
1792273,3200 ,1687340028412
1792273,562.5 ,1687340029112
1792273,1150 ,1687340029141
1792273,181.2 ,1687340029828
1792273,181.2 ,1687340029864
1792273,1253 ,1687340030544
1792273,952.9 ,1687340030564
1792273,1744 ,1687340031212
1792273,2400 ,1687340031255
1792273,100.0 ,1687340031928
1792273,106.2 ,1687340031946
1792273,2056 ,1687340032648
1792273,1971 ,1687340032668
1792273,93.8 ,1687340033341
1792273,100.0 ,1687340033347
1792273,162.5 ,1687340034027
1792273,143.8 ,1687340034036
1792273,1816 ,1687340034752
1792273,1759 ,1687340034760
1792273,1925 ,1687340035433
1792273,2219 ,1687340035451
1792273,200.0 ,1687340036141
1792273,182.4 ,1687340036163
1792273,1028 ,1687340036848
1792273,561.1 ,1687340036880
1792273,1406 ,1687340037533
1792273,2006 ,1687340037564
1792273,187.5 ,1687340038224
1792273,193.8 ,1687340038257
1792273,568.8 ,1687340038905
1792273,500.0 ,1687340038943
1792273,3156 ,1687340039592
1792273,2867 ,1687340039668
1792273,100.0 ,1687340040298
1792273,100.0 ,1687340040364
1792273,300.0 ,1687340040984
1792273,137.5 ,1687340041052
1792273,2450 ,1687340041686
1792273,1411 ,1687340041788
1792273,100.0 ,1687340042380
1792273,1319 ,1687340042460
1792273,158.8 ,1687340043066
1792273,194.1 ,1687340043188
1792273,1888 ,1687340043780
1792273,481.2 ,1687340043875
1792273,2912 ,1687340044441
1792273,3181 ,1687340044593
1792273,100.0 ,1687340045130
1792273,2006 ,1687340045286
1792273,256.2 ,1687340045815
1792273,164.7 ,1687340045992
1792273,2084 ,1687340046528
1792273,456.2 ,1687340046678
1792273,1282 ,1687340047224
1792273,2778 ,1687340047388
1792273,106.2 ,1687340047939
1792273,1344 ,1687340048099
1792273,1112 ,1687340048621
1792273,537.5 ,1687340048811
1792273,206.2 ,1687340049304
1792273,194.1 ,1687340049493
1792273,206.2 ,1687340049989
1792273,200.0 ,1687340050182
1792273,212.5 ,1687340050676
1792273,1350 ,1687340050872
1792273,1681 ,1687340051357
1792273,1400 ,1687340051556
1792273,1400 ,1687340052059
1792273,1624 ,1687340052242
1792273,1406 ,1687340052755
1792273,1256 ,1687340052926
1792273,1482 ,1687340053444
1792273,1706 ,1687340053618
1792273,1431 ,1687340054150
1792273,1781 ,1687340054307
1792273,1938 ,1687340054836
1792273,1369 ,1687340055011
1792273,1412 ,1687340055524
1792273,1135 ,1687340055707
1792273,1456 ,1687340056208
1792273,1165 ,1687340056391
1792273,1129 ,1687340056905
1792273,1388 ,1687340057088
1792273,1182 ,1687340057594
1792273,1606 ,1687340057774
1792273,1169 ,1687340058288
1792273,1300 ,1687340058463
1792273,1212 ,1687340058974
1792273,1256 ,1687340059148
1792273,1369 ,1687340059662
1792273,1524 ,1687340059836
1792273,1494 ,1687340060352
1792273,1829 ,1687340060523
1792273,1400 ,1687340061044
1792273,1612 ,1687340061214
1792273,1276 ,1687340061733
1792273,1459 ,1687340061906
1792273,1550 ,1687340062426
1792273,1320 ,1687340062597
1792273,1244 ,1687340063109
1792273,1656 ,1687340063280
1792273,1565 ,1687340063792
1792273,1362 ,1687340063971
1792273,1125 ,1687340064480
1792273,1141 ,1687340064657
1792273,1256 ,1687340065171
1792273,1406 ,1687340065340
1792273,1344 ,1687340065853
1792273,1269 ,1687340066027
1792273,1600 ,1687340066543
1792273,1524 ,1687340066715
1792273,1838 ,1687340067230
1792273,1400 ,1687340067420
1792273,1494 ,1687340067926
1792273,1719 ,1687340068097
1792273,911.8 ,1687340068612
1792273,1871 ,1687340068783
1792273,1629 ,1687340069304
1792273,1306 ,1687340069475
1792273,1000 ,1687340069998
1792273,1250 ,1687340070165
1792273,1400 ,1687340070697
1792273,1562 ,1687340070838
1792273,1750 ,1687340071376
1792273,1565 ,1687340071525
1792273,1538 ,1687340072069
1792273,1435 ,1687340072214
1792273,1582 ,1687340072754
1792273,1647 ,1687340072905
1792273,1376 ,1687340073445
1792273,1469 ,1687340073595
1792273,1600 ,1687340074129
1792273,1418 ,1687340074291
1792273,1238 ,1687340074821
1792273,1035 ,1687340074984
1792273,1353 ,1687340075514
1792273,1000 ,1687340075675
1792273,1282 ,1687340076195
1792273,1438 ,1687340076373
1792273,1171 ,1687340076891
1792273,1224 ,1687340077059
1792273,1262 ,1687340077599
1792273,1244 ,1687340077756
1792273,1281 ,1687340078287
1792273,1153 ,1687340078447
1792273,1225 ,1687340078974
1792273,1031 ,1687340079128
1792273,1106 ,1687340079659
1792273,1606 ,1687340079812
1792273,1194 ,1687340080356
1792273,1338 ,1687340080499
1792273,1250 ,1687340081040
1792273,1562 ,1687340081188
1792273,1606 ,1687340081730
1792273,1429 ,1687340081876
1792273,1371 ,1687340082420
1792273,1312 ,1687340082563
1792273,1644 ,1687340083117
1792273,1547 ,1687340083252
1792273,1350 ,1687340083810
1792273,1238 ,1687340083951
1792273,1141 ,1687340084497
1792273,1388 ,1687340084644
1792273,1644 ,1687340085182
1792273,1681 ,1687340085329
1792273,1338 ,1687340085866
1792273,1306 ,1687340086014
1792273,1469 ,1687340086551
1792273,1331 ,1687340086699
1792273,1235 ,1687340087235
1792273,1176 ,1687340087386
1792273,1575 ,1687340087923
1792273,1347 ,1687340088072
1792273,1517 ,1687340088606
1792273,1619 ,1687340088775
1792273,1665 ,1687340089300
1792273,1425 ,1687340089464
1792273,1725 ,1687340089992
1792273,1588 ,1687340090153
1792273,1812 ,1687340090687
1792273,1775 ,1687340090843
1792273,1606 ,1687340091375
1792273,1600 ,1687340091528
1792273,1369 ,1687340092072
1792273,1494 ,1687340092217
1792273,1731 ,1687340092763
1792273,1438 ,1687340092911
1792273,1694 ,1687340093453
1792273,1681 ,1687340093605
1792273,1559 ,1687340094143
1792273,1381 ,1687340094293
1792273,1676 ,1687340094844
1792273,1419 ,1687340094987
1792273,1635 ,1687340095525
1792273,1656 ,1687340095668
1792273,1806 ,1687340096210
1792273,1381 ,1687340096363
1792273,1381 ,1687340096907
1792273,1475 ,1687340097042
1792273,1388 ,1687340097600
1792273,1319 ,1687340097727
1792273,1794 ,1687340098283
1792273,1694 ,1687340098417
1792273,1881 ,1687340098970
1792273,1671 ,1687340099100
1792273,1525 ,1687340099649
1792273,1824 ,1687340099791
1792273,1776 ,1687340100343
1792273,1719 ,1687340100488
1792273,1375 ,1687340101034
1792273,1419 ,1687340101172
1792273,1553 ,1687340101722
1792273,1819 ,1687340101861
1792273,1782 ,1687340102419
1792273,1825 ,1687340102547
1792273,1675 ,1687340103108
1792273,1700 ,1687340103232
1792273,1738 ,1687340103799
1792273,1559 ,1687340103923
1792273,1494 ,1687340104501
1792273,1431 ,1687340104609
1792273,1653 ,1687340105186
1792273,1625 ,1687340105292
1792273,1969 ,1687340105879
1792273,1538 ,1687340105981
1792273,1775 ,1687340106568
1792273,1312 ,1687340106668
1792273,1325 ,1687340107258
1792273,1529 ,1687340107353
1792273,1438 ,1687340107951
1792273,1712 ,1687340108042
1792273,1600 ,1687340108643
1792273,1881 ,1687340108724
1792273,1244 ,1687340109331
1792273,1219 ,1687340109413
1792273,1412 ,1687340110041
1792273,1735 ,1687340110096
1792273,1800 ,1687340110726
1792273,1282 ,1687340110786
1792273,1329 ,1687340111405
1792273,1688 ,1687340111474
1792273,1381 ,1687340112099
1792273,1371 ,1687340112170
1792273,1528 ,1687340112779
1792273,1269 ,1687340112869
1792273,1329 ,1687340113481
1792273,1275 ,1687340113551
1792273,1229 ,1687340114182
1792273,1188 ,1687340114247
1792273,1225 ,1687340114866
1792273,1065 ,1687340114933
1792273,1250 ,1687340115550
1792273,1182 ,1687340115624
1792273,1244 ,1687340116239
1792273,1381 ,1687340116311
1792273,1253 ,1687340116937
1792273,1665 ,1687340117015
1792273,1669 ,1687340117627
1792273,1769 ,1687340117706
1792273,1294 ,1687340118310
1792273,1500 ,1687340118400
1792273,1365 ,1687340118996
1792273,1188 ,1687340119093
1792273,1275 ,1687340119686
1792273,1375 ,1687340119782
1792273,1319 ,1687340120382
1792273,1688 ,1687340120478
1792273,1153 ,1687340121075
1792273,1306 ,1687340121168
1792273,1325 ,1687340121762
1792273,1271 ,1687340121856
1792273,1456 ,1687340122448
1792273,1431 ,1687340122557
1792273,1581 ,1687340123137
1792273,1688 ,1687340123247
1792273,1647 ,1687340123823
1792273,1735 ,1687340123930
1792273,1562 ,1687340124510
1792273,1456 ,1687340124621
1792273,1512 ,1687340125199
1792273,1535 ,1687340125313
1792273,2025 ,1687340125892
1792273,1765 ,1687340126002
1792273,1171 ,1687340126576
1792273,1250 ,1687340126695
1792273,1700 ,1687340127254
1792273,1962 ,1687340127378
1792273,1371 ,1687340127945
1792273,1294 ,1687340128065
1792273,1238 ,1687340128633
1792273,1262 ,1687340128748
1792273,1635 ,1687340129314
1792273,1771 ,1687340129435
1792273,1525 ,1687340130010
1792273,1335 ,1687340130123
1792273,1825 ,1687340130700
1792273,1294 ,1687340130817
1792273,1250 ,1687340131388
1792273,1324 ,1687340131514
1792273,1638 ,1687340132070
1792273,1659 ,1687340132206
1792273,1112 ,1687340132760
1792273,1556 ,1687340132900
1792273,1394 ,1687340133454
1792273,1250 ,1687340133587
1792273,964.7 ,1687340134139
1792273,1206 ,1687340134273
1792273,1412 ,1687340134857
1792273,1231 ,1687340134985
1792273,1331 ,1687340135541
1792273,1662 ,1687340135676
1792273,1512 ,1687340136224
1792273,1341 ,1687340136373
1792273,1388 ,1687340136920
1792273,1382 ,1687340137069
1792273,1624 ,1687340137606
1792273,1453 ,1687340137765
1792273,1825 ,1687340138300
1792273,1500 ,1687340138474
1792273,1631 ,1687340138987
1792273,1325 ,1687340139183
1792273,1419 ,1687340139704
1792273,1550 ,1687340139868
1792273,1282 ,1687340140394
1792273,1388 ,1687340140558
1792273,1275 ,1687340141090
1792273,1153 ,1687340141254
1792273,1200 ,1687340141777
1792273,1362 ,1687340141939
1792273,1325 ,1687340142460
1792273,1450 ,1687340142628
1792273,1300 ,1687340143145
1792273,1319 ,1687340143321
1792273,1412 ,1687340143839
1792273,1441 ,1687340144005
1792273,1806 ,1687340144527
1792273,1412 ,1687340144696
1792273,1712 ,1687340145218
1792273,1444 ,1687340145389
1792273,1981 ,1687340145911
1792273,1300 ,1687340146090
1792273,1481 ,1687340146601
1792273,1718 ,1687340146768
1792273,1588 ,1687340147295
1792273,1206 ,1687340147489
1792273,1444 ,1687340147992
1792273,1738 ,1687340148170
1792273,1624 ,1687340148683
1792273,1488 ,1687340148865
1792273,1888 ,1687340149369
1792273,1376 ,1687340149557
1792273,1588 ,1687340150056
1792273,1412 ,1687340150252
1792273,1644 ,1687340150747
1792273,1744 ,1687340150922
1792273,1662 ,1687340151448
1792273,1635 ,1687340151612
1792273,1282 ,1687340152152
1792273,1531 ,1687340152309
1792273,1700 ,1687340152837
1792273,1306 ,1687340152996
1792273,1625 ,1687340153525
1792273,1700 ,1687340153682
1792273,1750 ,1687340154220
1792273,1706 ,1687340154363
1792273,1524 ,1687340154910
1792273,1724 ,1687340155055
1792273,1325 ,1687340155603
1792273,1282 ,1687340155741
1792273,1606 ,1687340156285
1792273,1494 ,1687340156432
1792273,1625 ,1687340156968
1792273,1362 ,1687340157127
1792273,1624 ,1687340157651
1792273,1150 ,1687340157821
1792273,1482 ,1687340158376
1792273,1588 ,1687340158501
1792273,1919 ,1687340159059
1792273,1724 ,1687340159189
1792273,1553 ,1687340159751
1792273,1681 ,1687340159878
1792273,1594 ,1687340160446
1792273,1694 ,1687340160570
1792273,1569 ,1687340161140
1792273,1800 ,1687340161257
1792273,1862 ,1687340161827
1792273,1962 ,1687340161949
1792273,1488 ,1687340162514
1792273,1531 ,1687340162640
1792273,1594 ,1687340163200
1792273,1544 ,1687340163329
1792273,1447 ,1687340163895
1792273,1638 ,1687340164024
1792273,1535 ,1687340164593
1792273,1653 ,1687340164722
1792273,1412 ,1687340165286
1792273,1350 ,1687340165417
1792273,1335 ,1687340165966
1792273,1338 ,1687340166096
1792273,1671 ,1687340166656
1792273,1353 ,1687340166786
1792273,1612 ,1687340167343
1792273,1541 ,1687340167486
1792273,1412 ,1687340168030
1792273,1519 ,1687340168170
1792273,1481 ,1687340168719
1792273,1294 ,1687340168853
1792273,1288 ,1687340169417
1792273,1629 ,1687340169534
1792273,1182 ,1687340170106
1792273,1250 ,1687340170221
1792273,1494 ,1687340170789
1792273,1524 ,1687340170905
1792273,1100 ,1687340171486
1792273,1365 ,1687340171592
1792273,1244 ,1687340172178
1792273,1556 ,1687340172287
1792273,1544 ,1687340172881
1792273,1441 ,1687340172973
1792273,1662 ,1687340173562
1792273,1856 ,1687340173659
1792273,1669 ,1687340174249
1792273,1512 ,1687340174349
1792273,1469 ,1687340174951
1792273,1581 ,1687340175036
1792273,1394 ,1687340175637
1792273,1194 ,1687340175732
1792273,1250 ,1687340176332
1792273,1306 ,1687340176422
1792273,1512 ,1687340177023
1792273,1506 ,1687340177114
1792273,1144 ,1687340177713
1792273,1212 ,1687340177801
1792273,1388 ,1687340178402
1792273,1712 ,1687340178494
1792273,1533 ,1687340179086
1792273,1606 ,1687340179182
1792273,1731 ,1687340179782
1792273,1350 ,1687340179868
1792273,1600 ,1687340180479
1792273,1469 ,1687340180557
1792273,1338 ,1687340181170
1792273,1606 ,1687340181244
1792273,1381 ,1687340181854
1792273,1250 ,1687340181932
1792273,1400 ,1687340182534
1792273,1688 ,1687340182617
1792273,1165 ,1687340183221
1792273,1141 ,1687340183306
1792273,1631 ,1687340183917
1792273,1444 ,1687340184008
1792273,1182 ,1687340184624
1792273,1276 ,1687340184689
1792273,1244 ,1687340185309
1792273,1200 ,1687340185384
1792273,1518 ,1687340185993
1792273,1588 ,1687340186076
1792273,1359 ,1687340186686
1792273,1719 ,1687340186769
1792273,1341 ,1687340187374
1792273,1256 ,1687340187451
1792273,1250 ,1687340188070
1792273,1256 ,1687340188137
1792273,1256 ,1687340188748
1792273,1550 ,1687340188820
1792273,1171 ,1687340189434
1792273,1471 ,1687340189506
1792273,1312 ,1687340190118
1792273,1212 ,1687340190196
1792273,1025 ,1687340190814
1792273,1281 ,1687340190881
1792273,1228 ,1687340191504
1792273,1262 ,1687340191567
1792273,1212 ,1687340192205
1792273,1462 ,1687340192249
1792273,1469 ,1687340192905
1792273,1553 ,1687340192942
1792273,1471 ,1687340193588
1792273,1319 ,1687340193634
1792273,1706 ,1687340194280
1792273,1529 ,1687340194326
1792273,1488 ,1687340194971
1792273,1556 ,1687340195024
1792273,1765 ,1687340195662
1792273,1365 ,1687340195716
1792273,1444 ,1687340196358
1792273,1588 ,1687340196397
1792273,1438 ,1687340197052
1792273,1394 ,1687340197081
1792273,1294 ,1687340197734
1792273,1300 ,1687340197768
1792273,1181 ,1687340198422
1792273,1038 ,1687340198458
1792273,1275 ,1687340199108
1792273,1250 ,1687340199151
1792273,1265 ,1687340199793
1792273,1488 ,1687340199835
1792273,1275 ,1687340200479
1792273,1281 ,1687340200519
1792273,1165 ,1687340201161
1792273,1400 ,1687340201200
1792273,1629 ,1687340201853
1792273,1406 ,1687340201893
1792273,1562 ,1687340202539
1792273,1681 ,1687340202582
1792273,1462 ,1687340203234
1792273,1619 ,1687340203272
1792273,1388 ,1687340203930
1792273,1606 ,1687340203957
1792273,1462 ,1687340204615
1792273,1706 ,1687340204643
1792273,1619 ,1687340205313
1792273,1547 ,1687340205336
1792273,1565 ,1687340206003
1792273,1382 ,1687340206035
1792273,1606 ,1687340206689
1792273,1276 ,1687340206722
1792273,1831 ,1687340207380
1792273,1644 ,1687340207413
1792273,1247 ,1687340208073
1792273,1550 ,1687340208100
1792273,1212 ,1687340208765
1792273,1238 ,1687340208788
1792273,1675 ,1687340209458
1792273,1638 ,1687340209471
1792273,1631 ,1687340210162
1792273,1638 ,1687340210159
1792273,1594 ,1687340210850
1792273,1712 ,1687340210854
1792273,1871 ,1687340211534
1792273,1688 ,1687340211544
1792273,1969 ,1687340212222
1792273,1753 ,1687340212232
1792273,1865 ,1687340212912
1792273,1865 ,1687340212922
1792273,1569 ,1687340213599
1792273,1588 ,1687340213606
1792273,1800 ,1687340214294
1792273,1800 ,1687340214294
1792273,1482 ,1687340214985
1792273,1471 ,1687340214986
1792273,1741 ,1687340215672
1792273,1975 ,1687340215680
1792273,1612 ,1687340216362
1792273,1606 ,1687340216372
1792273,1588 ,1687340217049
1792273,1476 ,1687340217055
1792273,1529 ,1687340217744
1792273,1541 ,1687340217744
1792273,1381 ,1687340218438
1792273,1535 ,1687340218445
1792273,1669 ,1687340219131
1792273,1369 ,1687340219156
1792273,1444 ,1687340219832
1792273,1365 ,1687340219833
1792273,100.0 ,1687340220516
1792273,100.0 ,1687340220517
1792273,100.0 ,1687340221208
1792273,100.0 ,1687340221208
1792273,100.0 ,1687340221898
1792273,106.2 ,1687340221901
1792273,62.5 ,1687340222590
1792273,62.5 ,1687340222591
1792273,106.2 ,1687340223280
1792273,100.0 ,1687340223279
1792273,106.2 ,1687340223972
1792273,94.1 ,1687340223971
1792273,100.0 ,1687340224662
1792273,100.0 ,1687340224660
1792273,94.1 ,1687340225352
1792273,94.1 ,1687340225352
1792273,100.0 ,1687340226044
1792273,100.0 ,1687340226045
