693749,100.0 ,1693187169803
693749,7871 ,1693187170536
693749,200.0 ,1693187171250
693749,200.0 ,1693187171952
693749,183.3 ,1693187172652
693749,194.1 ,1693187173358
693749,194.1 ,1693187174059
693749,206.2 ,1693187174763
693749,675.0 ,1693187175463
693749,764.7 ,1693187176163
693749,1035 ,1693187176867
693749,988.2 ,1693187177567
693749,194.1 ,1693187178268
693749,205.9 ,1693187178968
693749,200.0 ,1693187179677
693749,212.5 ,1693187180382
693749,200.0 ,1693187181086
693749,218.8 ,1693187181793
693749,200.0 ,1693187182496
693749,200.0 ,1693187183194
693749,600.0 ,1693187183900
693749,729.4 ,1693187184600
693749,705.9 ,1693187185299
693749,882.4 ,1693187186001
693749,100.0 ,1693187186701
693749,100.0 ,1693187187402
693749,106.2 ,1693187188103
693749,100.0 ,1693187188803
693749,106.2 ,1693187189503
693749,105.9 ,1693187190201
693749,100.0 ,1693187190902
693749,100.0 ,1693187191603
693749,581.2 ,1693187192314
693749,100.0 ,1693187193018
693749,100.0 ,1693187193718
693749,105.9 ,1693187194420
693749,100.0 ,1693187195124
693749,100.0 ,1693187195827
693749,100.0 ,1693187196525
693749,100.0 ,1693187197231
693749,100.0 ,1693187197932
693749,100.0 ,1693187198631
693749,100.0 ,1693187199335
693749,100.0 ,1693187200037
693749,112.5 ,1693187200743
693749,105.9 ,1693187201443
693749,106.2 ,1693187202144
693749,106.2 ,1693187202843
693749,100.0 ,1693187203540
693749,106.2 ,1693187204243
693749,100.0 ,1693187204942
693749,100.0 ,1693187205640
693749,94.1 ,1693187206339
693749,100.0 ,1693187207036
693749,100.0 ,1693187207735
693749,100.0 ,1693187208438
693749,94.1 ,1693187209139
693749,94.1 ,1693187209839
693749,100.0 ,1693187210539
693749,100.0 ,1693187211240
693749,100.0 ,1693187211937
693749,100.0 ,1693187212639
693749,94.1 ,1693187213339
693749,100.0 ,1693187214038
693749,100.0 ,1693187214739
693749,100.0 ,1693187215439
693749,94.1 ,1693187216142
693749,94.1 ,1693187216844
693749,100.0 ,1693187217547
693749,100.0 ,1693187218247
693749,1800 ,1693187218951
693749,200.0 ,1693187219655
693749,2156 ,1693187220363
693749,2541 ,1693187221063
693749,1594 ,1693187221767
693749,1900 ,1693187222468
693749,2024 ,1693187223171
693749,1506 ,1693187223872
693749,1541 ,1693187224580
693749,2269 ,1693187225283
693749,100.0 ,1693187225989
