897030,100.0 ,1693202006137
897030,8000 ,1693202006870
897030,200.0 ,1693202007573
897030,200.0 ,1693202008281
897030,200.0 ,1693202008987
897030,200.0 ,1693202009694
897030,194.1 ,1693202010398
897030,205.9 ,1693202011106
897030,200.0 ,1693202011811
897030,194.1 ,1693202012511
897030,194.1 ,1693202013211
897030,194.1 ,1693202013915
897030,205.9 ,1693202014618
897030,205.9 ,1693202015319
897030,212.5 ,1693202016032
897030,194.1 ,1693202016732
897030,194.1 ,1693202017434
897030,194.1 ,1693202018135
897030,194.1 ,1693202018838
897030,200.0 ,1693202019542
897030,982.4 ,1693202020239
897030,923.5 ,1693202020939
897030,1247 ,1693202021644
897030,958.8 ,1693202022346
897030,194.1 ,1693202023051
897030,200.0 ,1693202023751
897030,194.1 ,1693202024451
897030,200.0 ,1693202025155
897030,205.9 ,1693202025860
897030,200.0 ,1693202026564
897030,200.0 ,1693202027269
897030,200.0 ,1693202027972
897030,194.1 ,1693202028672
897030,200.0 ,1693202029374
897030,200.0 ,1693202030074
897030,194.1 ,1693202030775
897030,194.1 ,1693202031478
897030,200.0 ,1693202032179
897030,218.8 ,1693202032884
897030,194.1 ,1693202033584
897030,200.0 ,1693202034286
897030,752.9 ,1693202034992
897030,829.4 ,1693202035695
897030,1053 ,1693202036398
897030,105.9 ,1693202037097
897030,100.0 ,1693202037802
897030,100.0 ,1693202038506
897030,100.0 ,1693202039214
897030,94.4 ,1693202039922
897030,100.0 ,1693202040628
897030,100.0 ,1693202041334
897030,112.5 ,1693202042033
897030,100.0 ,1693202042733
897030,94.1 ,1693202043438
897030,100.0 ,1693202044139
897030,729.4 ,1693202044838
897030,100.0 ,1693202045541
897030,105.9 ,1693202046245
897030,105.9 ,1693202046950
897030,100.0 ,1693202047656
897030,94.1 ,1693202048359
897030,112.5 ,1693202049063
897030,105.9 ,1693202049764
897030,100.0 ,1693202050467
897030,105.9 ,1693202051168
897030,100.0 ,1693202051866
897030,100.0 ,1693202052571
897030,100.0 ,1693202053271
897030,94.1 ,1693202053975
897030,100.0 ,1693202054676
897030,100.0 ,1693202055378
897030,100.0 ,1693202056079
897030,94.1 ,1693202056779
897030,94.1 ,1693202057483
897030,94.1 ,1693202058187
897030,94.1 ,1693202058890
897030,100.0 ,1693202059590
897030,100.0 ,1693202060291
897030,94.1 ,1693202060991
897030,100.0 ,1693202061691
897030,100.0 ,1693202062391
897030,100.0 ,1693202063095
897030,100.0 ,1693202063799
897030,100.0 ,1693202064499
897030,100.0 ,1693202065199
897030,100.0 ,1693202065901
897030,100.0 ,1693202066603
897030,100.0 ,1693202067306
897030,105.9 ,1693202068007
897030,100.0 ,1693202068707
897030,100.0 ,1693202069407
897030,94.1 ,1693202070108
897030,100.0 ,1693202070810
897030,100.0 ,1693202071512
897030,2106 ,1693202072215
897030,1341 ,1693202072919
897030,370.6 ,1693202073618
897030,200.0 ,1693202074323
897030,464.7 ,1693202075028
897030,1247 ,1693202075736
897030,1229 ,1693202076441
897030,1524 ,1693202077144
897030,1382 ,1693202077848
897030,1488 ,1693202078550
897030,1506 ,1693202079252
897030,1576 ,1693202079955
897030,1488 ,1693202080656
897030,1465 ,1693202081359
897030,100.0 ,1693202082060
